/*
SQLyog Ultimate v11.24 (32 bit)
MySQL - 5.5.41 : Database - beasp
*********************************************************************
*/

/*!40101 SET NAMES utf8 */;

/*!40101 SET SQL_MODE=''*/;

/*!40014 SET @OLD_UNIQUE_CHECKS=@@UNIQUE_CHECKS, UNIQUE_CHECKS=0 */;
/*!40014 SET @OLD_FOREIGN_KEY_CHECKS=@@FOREIGN_KEY_CHECKS, FOREIGN_KEY_CHECKS=0 */;
/*!40101 SET @OLD_SQL_MODE=@@SQL_MODE, SQL_MODE='NO_AUTO_VALUE_ON_ZERO' */;
/*!40111 SET @OLD_SQL_NOTES=@@SQL_NOTES, SQL_NOTES=0 */;
CREATE DATABASE /*!32312 IF NOT EXISTS*/`beasp` /*!40100 DEFAULT CHARACTER SET utf8 */;

USE `beasp`;

/*Table structure for table `beasp_book` */

DROP TABLE IF EXISTS `beasp_book`;

CREATE TABLE `beasp_book` (
  `id` int(11) NOT NULL AUTO_INCREMENT,
  `author` varchar(40) NOT NULL,
  `browse` int(11) NOT NULL,
  `collection` int(11) NOT NULL,
  `create_time` datetime NOT NULL,
  `exchange` bit(1) NOT NULL,
  `issue_time` date DEFAULT NULL,
  `language` varchar(20) NOT NULL,
  `name` varchar(40) NOT NULL,
  `praise` int(11) NOT NULL,
  `press` varchar(20) DEFAULT NULL,
  `share` bit(1) NOT NULL,
  `state` varchar(20) NOT NULL,
  `summary` longtext,
  `version` varchar(20) DEFAULT NULL,
  `category_id` int(11) NOT NULL,
  `user_id` int(11) DEFAULT NULL,
  `origin_state` int(11) NOT NULL,
  PRIMARY KEY (`id`),
  KEY `FK_rwtxhf7m4ppj84ho92x5o5d6s` (`category_id`),
  KEY `FK_16ybq969m4ejomp6s0fvsdgpc` (`user_id`),
  CONSTRAINT `FK_16ybq969m4ejomp6s0fvsdgpc` FOREIGN KEY (`user_id`) REFERENCES `beasp_user` (`id`),
  CONSTRAINT `FK_rwtxhf7m4ppj84ho92x5o5d6s` FOREIGN KEY (`category_id`) REFERENCES `beasp_category` (`id`)
) ENGINE=InnoDB AUTO_INCREMENT=123 DEFAULT CHARSET=utf8;

/*Data for the table `beasp_book` */

insert  into `beasp_book`(`id`,`author`,`browse`,`collection`,`create_time`,`exchange`,`issue_time`,`language`,`name`,`praise`,`press`,`share`,`state`,`summary`,`version`,`category_id`,`user_id`,`origin_state`) values (1,'白岩松',0,0,'2015-12-29 20:21:46','','2015-09-01','CHINESE','白说',0,'长江文艺出版社','\0','EXCHANGE','言语中的心灵之路，与我和我们的未来有关，限量签名本随机发放','1',2,2,2),(2,'吴晓波',0,0,'2015-12-29 20:27:42','','2015-05-01','CHINESE','把生命浪费在美好的事物上',0,'浙江大学出版社','\0','EXCHANGE','著名财经作家吴晓波的**本散文集，收录的200万+阅读量《去日本买只马桶盖》掀起中国制造大讨论，当当独家签名本随机发放。','1',2,2,2),(3,'两色风景',0,0,'2015-12-29 20:29:39','','2015-10-01','CHINESE','一切安排都恰到好处',0,'江苏文艺出版社','\0','EXCHANGED','畅销书作家、微博知名段子手两色风景，首部自传体励志散文集！亿万阅读，千万点赞，40万转发讨论读一分钟莞尔，读三分钟爆笑，刷爆朋友圈的反鸡汤故事，让你感动一下下。 ','1',2,2,2),(4,'林清玄',0,0,'2015-12-29 20:31:02','','2015-10-01','CHINESE','咸 也好，淡 也好',0,'北京联合出版公司','\0','EXCHANGE','华文世界心灵疗愈大家林清玄25年写作生涯超越之作，作者亲笔作序！愿你以一颗从容有情的心，活在当下，品尝生命中的酸甜苦辣，在柴米油盐的平庸生活中品味人生的真谛。 ','1',2,2,0),(5,'十点读书',0,0,'2015-12-29 20:33:05','\0','2015-09-01','CHINESE','疲惫生活中的英雄梦想',0,'江苏文艺出版社','','SHARE','中国阅读类公众号“十点读书”原创作品集，李筱懿、林特特、宋小君、午歌、陈亚豪、魔云兽、艾小羊、宁远、蓑依等37位作家，心尖好文+好书推荐！送6张“英雄梦想西藏行”明信片 ','1',2,2,0),(6,'鲁迅',0,0,'2015-12-29 20:36:11','\0','2015-09-09','CHINESE','鲁迅经典全集',0,'湖南人民出版社','','SHARE','销量夺金的镇店之宝！百位名人隆重推荐！今日特惠疯抢！','1',2,2,1),(7,'鹿满川',0,0,'2015-12-29 20:38:24','\0','2016-02-01','CHINESE','此时此刻相爱的能力',0,'江苏文艺出版社','','SHARE','让你看到无知无名的爱情真相，让爱意通畅。 ','1',2,2,1),(8,'李淳',0,0,'2015-12-29 20:39:22','\0','2015-11-01','CHINESE','我有个好故事，就要你一碗酒',0,'武汉出版社','\0','SHARE','随机明信片版人人网网络红人李淳，其文章每篇阅读量超过30000+，新浪微博红人@MC拳王首部成长故事集，畅销书作家马伯庸写序推荐！ ','1',2,2,1),(9,'《天下足球》',0,0,'2015-12-29 20:43:20','','2015-11-01','CHINESE','那些年，我们一起追的球星',0,'金城出版社','\0','EXCHANGE','《天下足球》15周年特别奉献。涵盖近400张照片、40首配乐、经典解说词，一本有图文、有音乐伴读的书，献给那些年我们共同的有关足球和青春的记忆。随机赠送1张明信片。 ','1',3,1,0),(10,'郑文阳',0,0,'2015-12-29 20:44:33','','2012-04-01','CHINESE','普京传-他为俄罗斯而生',0,'新世界出版社','\0','EXCHANGE','（畅销书）中央电视台、《纽约时报》、《华尔街日报》、俄罗斯塔斯社等全球主流媒体独家专访并推荐的中文版普京传， 真实、客观、详尽！ ','1',3,1,0),(11,'李凤凰 、姜育恒',0,0,'2015-12-29 20:45:35','','2015-11-10','CHINESE','遇恒·牵情 姜育恒人生自传',0,'新世界出版社','\0','EXCHANGE','（姜育恒自传，任贤齐、万芳众多明星联袂作序推荐。随书超值附赠精美书签+海报。预售期下单，有机会赢得《遇恒·牵情2015姜育恒全球巡回演唱会》门票、姜育恒亲笔签名图书，数量有限！） ','1',3,1,0),(12,'方清平',1,0,'2015-12-29 20:46:48','','2015-12-01','CHINESE','施主,请留步',0,'天津人民出版社','\0','EXCHANGE','（让相声圈里很会写故事的人，挠挠你的快乐基因。在书中你会找到属于自己的故事和影子！） ','1',3,1,0),(13,'[俄] 亚历山大·潘佐夫 著，卿文辉等 译',2,0,'2015-12-29 20:49:45','\0','2015-08-31','CHINESE','毛泽东传（上下册）',0,'中国人民大学出版社','','SHARED','2015深圳“年度十大好书、新浪中国好书榜-2015年8月社科榜、 百道网10月中国好书榜·社科类、《经济观察报》书评2015年秋季好书榜/社科类 ','1',3,1,0),(14,'[美]唐纳德·斯伯特　著 ，庄靖　译',8,0,'2015-12-29 20:51:20','\0','2014-06-01','CHINESE','奥黛丽·赫本',0,'中国友谊出版公司','','SHARE','天使在人间的完美记录，精装典藏，全彩图文，纽约时报畅销书，有一种美，叫奥黛丽·赫本。','1',3,1,0),(15,'白落梅',0,0,'2015-12-29 20:52:19','\0','2013-01-01','CHINESE','你是锦瑟 我为流年',0,'1','\0','SHARE','你是锦瑟 我为流年','中国华侨出版社',3,2,0),(16,'爱新觉罗·溥仪',0,0,'2015-12-29 20:53:43','\0','2013-01-01','CHINESE','我的前半生',0,'群众出版社','','SHARE','我的前半生','1',3,3,0),(17,'吕立新',0,0,'2015-12-29 20:56:54','','2015-11-01','CHINESE','花能解语--带你读懂齐白石',0,'江西美术出版社','\0','EXCHANGE','（百家讲坛吕立新全方位、多角度带你走进齐白石的艺术世界） ','1',4,4,0),(18,'白描',0,0,'2015-12-29 20:58:12','','2016-01-01','CHINESE','秘境——中国玉器市场见闻录',0,'北京十月文艺出版社','\0','EXCHANGE','（真假玉器的辨识窍门 翡翠ABC货的专家透底 秘闻与现场 传奇与知识 现象与考据 经验与警策） ','1',4,5,0),(19,'(荷) 文森特·梵高 著，57°N艺术小组 译',0,0,'2015-12-29 20:59:36','\0','2015-12-01','CHINESE','梵高手稿：梵高书信、画作、珍贵手稿',0,'北京联合出版公司','','SHARE','聆听梵高想要传达给世人却从未能亲口说出的话，走进伟大艺术家从未被尘世击垮的美好心灵，重塑后印象主义先驱的人生奥德赛，还原一个你熟悉却不一定了解的梵高','1',4,6,0),(20,'（英）乔汉娜贝斯福(Johanna Basford)',0,0,'2015-12-29 21:00:55','\0','2015-11-01','ENGLISH','秘密花园+24色彩色铅笔套装',0,'北京联合出版公司','','SHARE','秘密花园+24色彩色铅笔套装','1',4,3,0),(21,'美国纽约摄影学院　著，中国摄影出版社　译',0,0,'2015-12-29 21:02:56','','2010-08-01','CHINESE','美国纽约摄影学院--摄影教材',0,'中国摄影出版社','\0','EXCHANGE','美国纽约摄影学院--摄影教材','2',5,5,0),(22,'雷依里，郑毅　编著',0,0,'2015-12-29 21:03:48','','2012-06-01','CHINESE','单反摄影宝典',0,'水利水电出版社','\0','EXCHANGE','当当网独家销售(连续三年畅销冠军&国际知名摄影杂志特约作者——雷依里,力作；著名人像摄影家付欣、蜂鸟网资深版主GLIFF 、POWER88等摄影专家倾力推荐；随书附赠近5GB超值光盘内容。) ','1',4,4,0),(23,'宁思潇潇',0,0,'2015-12-29 21:05:16','\0','2015-09-01','CHINESE','摄影笔记',0,'人民邮电出版社','','SHARE','宁思潇潇新作，百度文库累计下载过百万高居榜首。电子版全新升级，构图曝光用光器材后期全面介绍摄影技巧，传授独家秘笈！中国摄影主编陈仲元 蜂鸟网总经理欧阳潼舢重磅推荐！买书即赠价值165元3节作者亲授课程！','1',5,2,0),(24,' 高原',0,0,'2015-12-29 21:06:22','\0','2015-08-01','CHINESE','把青春唱完',0,'中信出版社','','SHARE','1990-1999：中国摇滚与一个文化群体的生活影像','1',5,6,0),(25,'乔一',1,0,'2015-12-29 21:12:55','','2015-05-01','CHINESE','我不喜欢这世界，我只喜欢你',0,'湖南少年儿童出版社','\0','EXCHANGE','真实恋爱成长回忆录，*萌*暖のLove story。从校服到婚纱，爱让我们成为更好的人。随书赠F君情话卡4张 ','1',7,1,0),(26,'张皓宸',2,0,'2015-12-29 21:14:08','','2015-04-01','CHINESE','我与世界只差一个你',0,'天津人民出版社','\0','EXCHANGE','（一个App人气冠军张皓宸全新个人故事集，温馨治愈的情感故事，让你在面对爱时无惧，怀疑爱时坚定。随书附赠张皓宸私密手写寄语明信片）','1',7,3,0),(27,'杨杨，张皓宸',0,0,'2015-12-29 21:15:13','','2014-03-01','CHINESE','你是最好的自己',0,'湖南文艺出版社','\0','EXCHANGE','给所有年轻人信心的故事，一个app微博豆瓣人人网人气火热作者杨杨、张皓宸联合打造温情励志故事集加超人气手机摄影&创意插图，附赠三张明信片，一张随身行捧花卡 ','1',7,2,0),(28,'顾漫',0,0,'2015-12-29 21:20:17','','2014-08-01','CHINESE','微微一笑很倾城',0,'花山文艺出版社','\0','EXCHANGE','（幸福就是，我喜欢你偏偏你也只喜欢我！顾漫订制大礼，寄给不离不弃的你！独家番外，强势围观大神和微微的幸福生活！ENO手绘7大人设+战斗海报！ ）读客出品 ','1',7,4,0),(29,'海宴',3,0,'2015-12-29 21:21:42','\0','2014-05-01','CHINESE','琅琊榜.全新修订版',0,'四川文艺出版社','','SHAREING','胡歌、刘涛主演电视剧《琅琊榜》原著小说！9月19日北京卫视播出。随书附赠精美剧照卡册！白马时光 ','1',7,6,0),(30,'玄色',0,0,'2015-12-29 21:23:13','\0','2015-11-05','CHINESE','哑舍·零',0,'湖南少年儿童出版社','','SHARE','超好看的古风动漫幻想大作《哑舍》前传！随书赠：古风明信片2张、精美书签12张、《哑舍·零》笔记本2本 ','1',7,5,0),(31,'苑子文，苑子豪',1,0,'2015-12-29 21:24:49','\0','2015-04-01','CHINESE','我们都一样，年轻又彷徨',0,'湖南文艺出版社','','SHAREING','参与活动赢源本初见面膜及乐视手机（详见编辑推荐）新增5000册冬季物语版+签名版看谁更幸运。北大励志双胞胎、90后超爱同龄作家苑子文&苑子豪暖心之作，刘同监制，年轻人都会懂，同龄人都在看. ','1',7,3,0),(32,'安东尼',0,0,'2015-12-29 21:26:37','\0','2014-11-01','CHINESE','彩虹书系-陪安东尼度过漫长岁月',0,'长江文艺出版社','','SHARE','彩虹书系-陪安东尼度过漫长岁月','1',7,2,0),(33,'陆振虞，顾鸣敏，王铸钢 著',0,0,'2015-12-29 21:31:01','','2001-08-01','CHINESE','医学遗传学',0,'上海科学技术文献出版社','\0','EXCHANGE','医学遗传学','1',9,1,0),(34,'唐烈英　',0,0,'2015-12-29 21:32:37','','2014-11-01','CHINESE','房地产法律问题研究',0,'华中科技大学出版社','\0','EXCHANGE','房地产法律问题研究','1',9,5,0),(35,'罗笑南，王若梅',1,0,'2015-12-29 21:33:44','\0','2005-08-01','CHINESE','计算机图形学(第三版)',0,'中山大学出版社','','SHAREING','计算机图形学(第三版)','3',9,4,0),(36,'丁宁， 刘艳丽',0,0,'2015-12-29 21:35:16','\0','2014-08-01','CHINESE','中文版CorelDRAW X6平面设计实用教程',0,'清华大学出版社','','SHARE','中文版CorelDRAW X6平面设计实用教程','1',9,3,0),(37,'教育部考试中心',0,0,'2015-12-29 21:41:27','','2014-11-01','CHINESE','2015年版全国计算机等级考试二级教程MSOffice高级应用',0,'高等教育出版社','\0','EXCHANGE','**修订，内容权威，教育部考试中心**指定教材，适用2015年考试。配书光盘中包含案例文件、素材文件、考试样卷及参考答案。','1',10,6,0),(38,'林梅',0,0,'2015-12-29 21:42:21','','2015-11-01','CHINESE','人卫版2016全国卫生专业技术资格考试 内科护理学（中级）',0,'人民卫生出版社','\0','EXCHANGE','人卫版2016全国卫生专业技术资格考试 内科护理学（中级）','1',10,5,0),(39,'财政部会计资格评价中心',0,0,'2015-12-29 21:46:54','\0','2015-01-01','CHINESE','2015初级会计职称考试教材辅导教材初级会计实务 会计初级职称考试',0,'中国财政经济出版社一','','SHARE','2015初级会计职称考试教材辅导教材初级会计实务 会计初级职称考试','1',10,4,0),(40,'全国二级建造师执业资格考试命题研究中心',0,0,'2015-12-29 21:48:00','\0','2015-06-01','CHINESE','2016年全国二级建造师第四版教材',0,'东南大学出版社','','SHARE','内含2015真题，赠环球网校价值600元1V1直播课程及考试软件下载 ','1',10,2,0),(41,'曾广骅',0,0,'2015-12-30 09:28:35','','2013-11-01','CHINESE','大成拳-科学站桩功',0,'山西科学技术出版社','\0','EXCHANGE','大成拳-科学站桩功','2',14,3,0),(42,'跑步指南',0,0,'2015-12-30 09:29:34','','2015-10-01','CHINESE','跑步指南',0,'机械工业出版社','\0','EXCHANGE','跑步指南','1',14,1,0),(43,'许博',0,0,'2015-12-30 09:30:36','\0','2015-03-01','CHINESE','篮球规则图解——2015版',0,'化学工业出版社','','SHARE','用图说话，一本搞定2014年10月新规则的所有变化','1',14,4,0),(44,'翟燕生，徐莹',0,0,'2015-12-30 09:31:37','\0','2011-05-01','CHINESE','围棋入门（修订版）',0,'金盾出版社','','SHARE','围棋入门（修订版）','1',14,5,0),(45,'（英） 卡洛琳·戴维斯，基思·戴维斯',0,0,'2015-12-30 09:35:04','','2015-03-01','CHINESE','《3小时速成驯狗手册》',0,'广东南方日报出版社','\0','EXCHANGE','每天训狗10分钟，一周狗狗就变乖！英国畅销驯狗电视节目推荐，超实用训狗法，好玩又轻松，只要一点零食和小道具，狗狗彻底改掉陋习！','1',12,6,0),(46,'（英）普瑞斯特，（英）赖文　著，黄宇丽，罗寅　译',0,0,'2015-12-30 09:40:48','','2012-03-01','CHINESE','3D游戏：保护和提高视力的神奇方法',0,'北方文艺出版社','\0','EXCHANGE','（帮助全球2000多万读者成功改善和提高视力）','1',12,2,0),(47,'钟晟，周伟',0,0,'2015-12-30 09:42:21','\0','2013-12-01','CHINESE','让脑力激荡的300个逻辑思维游戏 头脑风暴系列',0,'湖南科技出版社','\0','SHARE','（边游戏边学习，1500个随时随地可以练习的思维训练，和懒惰的思维说再见！）','1',12,2,4),(48,'黄青翔',0,0,'2015-12-30 09:43:14','\0','2011-08-01','CHINESE','脑筋急转弯 大全集',0,'中国华侨出版社','\0','SHARE','脑筋急转弯 大全集','1',12,2,0),(49,'华阳',0,0,'2015-12-30 09:46:36','\0','2016-01-01','CHINESE','人一生要去的106个地方',0,'中国华侨出版社','\0','EXCHANGE','（修订版）囊括中国自助游核心的景点，奔跑吧兄弟、爸爸去哪儿等热门综艺节目以及花千骨、盗墓笔记等热门影视剧的拍摄地。 ','1',13,2,2),(50,'耿朔',0,0,'2015-12-30 09:47:32','','2015-09-01','CHINESE','总有一段时光，虚度在江南',0,'中国旅游出版社','\0','EXCHANGE','30幅建筑手绘图、80幅摄影作品，共同追寻28个江南古老村镇的传奇往事','1',13,3,0),(51,'袁越',1,0,'2015-12-30 09:48:34','','2015-10-01','CHINESE','像蜗牛一样旅行',0,'电子工业出版社','\0','EXCHANGE','像蜗牛一样旅行','1',13,5,0),(52,'中国地图出版社',1,0,'2015-12-30 09:49:41','\0','2015-01-01','CHINESE','中国地图册+世界地图册（全新 政区版）',0,'中国地图出版社','','SHAREING','中国地图册+世界地图册（全新 政区版）','1',13,4,0),(53,'中图北斗文化传媒（北京）有限公司',1,0,'2015-12-30 09:50:38','\0','2015-09-01','CHINESE','2016中国自驾游导航地图集',0,'中国地图出版社','','SHAREING','（2016全新升级版，自驾游必备路书、目的地详尽攻略。北斗导航地图携手蚂蜂窝旅行网联合打造。100%自驾亲历体验+导航同步纸质地图+自驾游露营地实用手册！赠送：地图专用放大镜、临时挪车卡） ','1',13,5,0),(54,'《时尚旅游》杂志社',0,0,'2015-12-30 09:52:12','\0','2016-01-01','CHINESE','慢时光，私旅行',0,'九州出版社','','SHARE','涂画的旅程，十三位旅行达人的“私途”攻略 一本让你实现“说走就走”的懒人旅游手册','1',13,6,0),(55,'冬雪心境',0,0,'2015-12-30 09:56:30','','2015-01-01','CHINESE','唐朝那些事儿（全7册）',0,'工人出版社','\0','EXCHANGE','耗时六年，七卷本全部出齐，二百万字巨著，震撼上市，新历史作家冬雪心境真诚奉献；全新历史写作，流行文化读本，全程讲述大唐王朝三百年兴衰大历史；繁华的帝国 强盛的王朝 ','1',16,5,0),(56,'台湾十四院校六十教授 ',0,0,'2015-12-30 09:57:32','','2007-06-01','CHINESE','白话史记（上中下）',0,'新世界出版社','\0','EXCHANGE','《史记》白话全译本，台湾六十教授合译 ','1',16,4,0),(57,'J·H·布雷斯特德 著',0,0,'2015-12-30 09:59:36','\0','2015-12-01','CHINESE','地中海的衰落',0,'中国友谊出版公司','','SHARE','旧欧洲历史就是地中海的争霸史！看透中东乱局的千年宿怨，见证各大势力的兴盛与衰亡。美国历史学会 美国国家科学院推荐。苏美尔、古埃及、克里特、古希腊、古罗马、迦太基、耶路撒冷……探寻伟大文明的发迹。','1',16,5,0),(58,'【汉】司马迁 撰，韩兆琦 评注',0,0,'2015-12-30 10:00:21','\0','2011-07-01','CHINESE','史记（精装全三册）',0,'岳麓书社','','SHARE','史记研究专家韩兆琦先生评注，当当网持续畅销经典版本，好评如潮，物超所值！ ','1',16,3,0),(59,'孙机',0,0,'2015-12-30 10:30:57','','2014-07-01','CHINESE','中国古代物质文化（精）——2014中国好书榜获奖图书 第十届文津奖获奖图书',0,'中华书局','\0','EXCHANGE','中华书局出版。2014年度全国文化遗产十佳图书','1',17,6,0),(60,'卢文龙',0,0,'2015-12-30 10:41:52','','2015-08-01','CHINESE','街角的老北京',0,'北京联合出版公司','\0','EXCHANGE','阿龙带你亲历老北京的吃喝玩乐。时光就在这或狭小或宽敞的街巷胡同中静静流逝着，人们慢慢淡忘着古老的传说，却又在创造着新的故事。 ','1',17,4,0),(61,'李曙韵',0,0,'2015-12-30 10:45:51','\0','2015-08-01','CHINESE','茶味的初相',0,'北京时代华文书局','','SHARE','（2015年平装**版）台湾著名茶人李曙韵茶事美学首部曲，用茶人的第三只眼看茶、看人、看世界 ','1',17,5,0),(62,'九天文化',0,0,'2015-12-30 11:19:09','\0','2015-10-01','CHINESE','修心日历',0,'鹭江出版社','','SHARE','《秘密花园》之后，又一本适合所有人的减压神器。 岁末年初，送吃喝不如送文化。 《2016修心日历》，人人爱看的文化掌中宝。 ','1',17,6,0),(63,'【宋】司马光 编撰，沈志华 今译，张宏儒 主编',0,0,'2015-12-30 13:01:52','','2015-09-01','CHINESE','资治通鉴（全18册）（传世经典 文白对照）',0,'中华书局','\0','EXCHANGE','中华书局出版','1',18,3,0),(64,'陈寅恪',0,0,'2015-12-30 13:04:28','','2015-07-01','CHINESE','柳如是别传（全三册，陈寅恪集）',0,'生活.读书.新知三联书店','\0','EXCHANGE','本书自初版至今35年，深受读者欢迎。仅三联版的十数年间即印行七次，销售四万多套，是《陈寅恪集》中关注度较高的作品，具有长久不衰的文化魅力。 ','1',18,4,0),(65,'姚春鹏',0,0,'2015-12-30 13:05:55','\0','2009-07-01','CHINESE','黄帝内经--中华经典藏书',0,'中华书局','','SHARE','黄帝内经--中华经典藏书','1',18,5,0),(66,'陆玖',0,0,'2015-12-30 13:06:56','\0','2014-09-01','CHINESE','吕氏春秋(精)上下册--中华经典名著全本全注全译丛书',0,'中华书局','','SHARE','吕氏春秋(精)上下册--中华经典名著全本全注全译丛书','1',18,3,0),(67,'（美）塞利格曼 著，洪兰 译',0,0,'2015-12-30 13:55:16','','2010-07-01','CHINESE','真实的幸福',0,'万卷出版公司','\0','EXCHANGE','（央视《读书》栏目连续五天力荐读物，积极心理学之父塞利格曼的幸福科学四部曲之一）','1',19,4,0),(68,'凯利麦格尼格尔　著 ，王岑卉 译',0,0,'2015-12-30 13:56:15','','2013-04-01','CHINESE','自控力',0,'文化发展出版社','\0','EXCHANGE','（斯坦福大学*受欢迎心理学课程，提高自控力的*有效途径，在于弄清自己如何失控、为何失控） ','1',19,6,0),(69,'[奥]阿德勒 著,黄光国 译',0,0,'2015-12-30 13:57:11','\0','2011-08-01','CHINESE','超越自卑',0,'江西人民出版社','','SHARE','心理学名家阿德勒代表作，白岩松推荐！','1',19,1,0),(70,'（美）戴维·迈尔斯，[美]格里格，津巴多 著，王垒，王甦等 译',0,0,'2015-12-30 14:00:38','\0','2006-01-01','CHINESE','社会心理学、心理学与生活（全二册）',0,'HarperCollins UK','','SHARE','社会心理学、心理学与生活（全二册）','1',19,3,0),(71,'熊培云',0,0,'2015-12-30 14:04:33','','2011-05-01','CHINESE','重新发现社会（修订版 文津图书奖作品 年度十大好书）',0,'新星出版社','\0','EXCHANGE','重新发现社会（修订版 文津图书奖作品 年度十大好书）','1',20,4,0),(72,'周濂',0,0,'2015-12-30 14:06:01','','2015-08-01','CHINESE','正义的可能——周濂作品',0,'中国文史出版社','\0','EXCHANGE','财新思享家系列之一，青年哲学家周濂继《你永远都无法叫醒一个装睡的人》畅销50万册后全新力作，带给你在当下中国坚持健康常识的勇气！陈嘉映、许知远、刘苏里、徐晓等众多知识人诚挚推荐! ','1',20,2,0),(73,'（美）史蒂芬·平克（Steven Pinker）著，欧阳明亮 译',0,0,'2015-12-30 14:07:34','\0','2015-05-01','CHINESE','语言本能：人类语言进化的奥秘',0,'浙江人民出版社','','SHARE','当代*伟大思想家、世界**语言学家和认知心理学家扛鼎之作，史蒂芬平克“语言与人性”四部曲，全美超级畅销书! ','1',20,5,0),(74,'（东汉）许慎　著，吴苏仪　编',0,0,'2015-12-30 14:09:35','\0','2011-07-01','CHINESE','图解《说文解字》',0,'陕西师范大学出版社','\0','SHARE','画说汉字-用简单的方式讲述1000个汉字的故事','1',20,6,0),(75,'张千帆',0,0,'2015-12-30 14:13:23','','2015-08-01','CHINESE','世界宪法评论（第一卷）',0,'中国民主法制出版社','\0','EXCHANGE','视野广阔，内容前沿，大多篇章皆是国内宪法学界研究的重要填充之作。','1',21,3,0),(76,'刘峰',0,0,'2015-12-30 14:14:15','','2014-06-01','CHINESE','法律的故事：中国人的法律智慧',0,'中国法制出版社','\0','EXCHANGE','国务院机关读书活动推荐图书！“依法治国”主题推荐图书，讨论法的精神，追寻法律的印迹，记录思维的笔记，步入法的门前，推开法律之门，一起来守护公正','1',21,4,0),(77,'张红军',0,0,'2015-12-30 14:15:42','','2015-06-01','CHINESE','一本书读懂法律常识',0,'中华工商联合出版社','\0','EXCHANGEING','人人都能看得懂的法律手册。你的合法权益有没有受到侵犯？又如何用法律手段来解决？《一本书读懂法律常识》告诉你，普通人应该知道哪些法律常识。北京司法局推荐大众阅读）','1',21,7,0),(78,'陆敬波',0,0,'2015-12-30 14:18:37','\0','2011-05-01','CHINESE','企业招聘管理法律实务',0,'上海社会科学院出版社有限公司','','SHARE','企业招聘管理法律实务','1',21,8,0),(79,'[美]本·霍洛维茨（Ben Horowitz）',0,0,'2015-12-30 14:21:28','','2015-02-10','CHINESE','创业维艰:如何完成比难更难的事',0,'中信出版社','\0','EXCHANGE','网景创始人马克安德森18年绝佳拍档、新一代硅谷新贵的创投导师本·霍洛维茨，20余年创投经验大起底。马克扎克伯格、彼得蒂尔、拉里佩奇、迪克科斯托罗联袂推荐!','1',23,9,0),(80,'（美）彻诺　著，金立群　译',0,0,'2015-12-30 14:22:45','','2014-04-01','CHINESE','摩根财团',0,'江苏文艺出版社','\0','EXCHANGE','美国一代银行王朝和现代金融业的崛起（1838～1990） 亚投行首任行长金立群“历时二载，凡三校”呕心校译。关于华尔街，读这本就够！读客出品','1',23,7,0),(81,'（日）安本隆晴 著 ，张婷婷 译',0,0,'2015-12-30 14:23:36','','2015-04-01','CHINESE','人人都要有会计思维',0,'北方妇女儿童出版社','\0','EXCHANGE','不懂会计思维，一辈子只能当基层员工！优衣库幕后推手、日本天才会计师安本隆晴解密“会计思维”。“优衣库、无印良品、宅急便等公司成功，都靠这本会计思维教科书” ','1',23,8,0),(82,'何书军',0,0,'2015-12-30 14:28:38','\0','2015-11-01','CHINESE','牛奶咖啡管理学',0,'群言出版社','','SHARE','管理学不是高深的理论，而是一种思维，把生活里的事情研究透，就会成为真正的管理专家  创业维艰:如何完成比难更难的事，马克扎克伯格推荐  ','1',23,9,0),(83,'王坤',0,0,'2015-12-30 14:31:17','','2015-08-01','CHINESE','一本书读懂K线图：股票K线技法快速入门到精通',0,'中华工商联合出版社','\0','EXCHANGE','炒股高手绝不外泄的股市赚钱实战技巧，股市10多年操盘手教你精准掌握股票买卖点位。大量案例解读，一学就会。股票入门、技术分析、操盘手法全揭秘。证券日报，和讯网，平安、中信证券等强力推荐的看盘方法与技巧','1',24,7,0),(84,'【韩】高得诚　著',0,0,'2015-12-30 14:32:14','','2014-04-01','CHINESE','《30年后，你拿什么养活自己》套装（全3册）',0,'广西科技','\0','EXCHANGE','（亚洲热销200万册，加印170余次，工薪族负资产零存款，也可坐拥百万资产，成功跨越富人和穷人','1',24,8,0),(85,'刘海亮，买敬江 著',0,0,'2015-12-30 14:33:14','\0','2013-07-01','CHINESE','从一万到一亿: 证券期货之老鬼真言',0,'金城出版社','','SHARE','从一万到一亿: 证券期货之老鬼真言','1',24,1,0),(86,'凌波',0,0,'2015-12-30 14:34:05','\0','2015-06-29','CHINESE','股市趋势分析套装',0,'HarperCollins UK','','SHARE','北京私募基金投资主管13年操盘经验精华，数以十万计读者交口称赞的经典指标参考书；2007至2014年全新走势图；45个交易话题、58节操盘内容，告诉你年均收益超32%的秘密；新手、散户入市必备操作指南。 ','1',24,9,0),(87,'王振华',0,0,'2015-12-30 14:37:53','','2016-01-01','CHINESE','创客时代 从创意到生意',0,'中国言实出版社','\0','EXCHANGE','IT教父李开复直言，创业就是从0到1，步步惊心，光有点子和热情是不够的，创业梦想导师王振华倾囊讲授从创意到生意的关键每一步，剩者为王。  创业维艰:如何完成比难更难的事，马克扎克伯格推荐  ','1',25,8,0),(88,'（美）皮尔泽　著，路卫军，庄乐坤　译',0,0,'2015-12-30 14:38:40','','2011-02-01','CHINESE','财富第五波:世界与中国财富大趋势',0,'中国社会科学出版社','','SHARE','不懂工业4.0？不懂智能化？连移动互联网都错过了？你仍能踏上即将到来的创富窗口，与世界同步，挖掘下一波财富金矿，美国两届总统经济顾问力作，展现未来财富狂潮  创业维艰:如何完成比难更难的事，马克扎克伯格推荐  ','1',25,7,0),(89,'（美）雷默 著，何帆 译',0,0,'2015-12-30 14:39:48','\0','2010-09-01','CHINESE','不可思议的年代：面对新世界必须具备的关键概念',0,'湖南科学技术出版社有限责任公司','','SHARE','创业维艰:如何完成比难更难的事，马克扎克伯格推荐  ','1',25,6,0),(90,'魏薇，龙志勇　译',0,0,'2015-12-30 14:41:10','\0','2014-11-01','CHINESE','稀缺：我们是如何陷入贫穷与忙碌的',0,'浙江人民出版社','','SHARE','贫穷只是缺钱？忙碌只是缺时间？“稀缺心态”才是一切稀缺的根源！清华大学教授彭凯平，浙江大学教授叶航，《思考，快与慢》作者丹尼尔·卡尼曼，《助推》作者理查德·泰勒，《全新销售》作者丹尼尔·平克等联袂推荐  创业维艰:如何完成比难更难的事，马克扎克伯格推荐  ','1',25,5,0),(91,'（美）洛夫　著，李晓楠，胡敏杰　译',0,0,'2015-12-30 14:45:16','','2015-07-01','CHINESE','自然法则：虚拟时代，重拾生活',0,'新世界出版社','\0','EXCHANGE','（全球自然主义先驱、奥杜邦奖章获得者理查德洛夫重磅力作，媲美《寂静的春天》的史诗级作品，治疗自然缺失症的良方，一部流动生机的纪录片）','1',27,1,0),(92,'（英国）约翰格里宾　著，王大明，李斌　译',0,0,'2015-12-30 14:46:05','','2014-06-01','CHINESE','寻找时间的边缘',0,'海南出版社','\0','EXCHANGE','脑补《星际穿越》的科学原理， 都敏俊教授去的“虫洞”是什么地方？','1',27,4,0),(93,'【美】丹尼尔 查莫维茨（Daniel Chamovitz），刘夙　译',0,0,'2015-12-30 14:47:35','','2014-01-01','CHINESE','植物知道生命的答案',0,'长江文艺出版社','\0','EXCHANGE','（世界科普杂志《科学美国人》出品,《凤凰卫视》“开卷八分钟”梁文道专题推荐，一个只有宁静心灵才能倾听的世界）','1',27,3,0),(94,'[美]加来道雄， 译者 伍义生 等',0,0,'2015-12-30 14:48:50','\0','2015-01-01','CHINESE','心灵的未来',0,'重庆出版社','','SHARE','《物理学的未来》作者加来道雄新作！探索未来心灵的光辉之旅！ ','1',27,2,0),(95,'曹上秋，周国宝',0,0,'2015-12-30 14:52:07','','2013-08-01','CHINESE','中国古建筑之旅：徽州 山水村落',0,'江苏科学技术出版社','\0','EXCHANGE','中国古建筑之旅：徽州 山水村落','1',28,9,0),(96,'林徽因',1,0,'2015-12-30 14:52:57','','2015-05-01','CHINESE','林徽因谈建筑',0,'译林出版社','\0','EXCHANGE','林徽因谈建筑','1',28,8,0),(97,'日本靓丽社　编,吴德峰　译',0,0,'2015-12-30 14:55:41','\0','2013-01-01','CHINESE','和韵禅风日式庭院系列——日式庭院造景设计',0,'福建科技出版社','','SHARE','和韵禅风日式庭院系列——日式庭院造景设计','1',28,7,0),(98,'余剑峰，周国宝',0,0,'2015-12-30 14:56:36','\0','2013-08-01','CHINESE','中国古建筑之旅：北京 皇宫王府',0,'江苏科学技术出版社','','SHARE','中国古建筑之旅：北京 皇宫王府','1',28,6,0),(99,'高树中 ',0,0,'2015-12-30 15:02:02','','2007-04-01','CHINESE','一针疗法：《灵枢》诠用',0,'济南出版社','\0','EXCHANGE','一针疗法：《灵枢》诠用','1',29,5,0),(100,'王建华',0,0,'2015-12-30 15:04:06','','2006-08-01','CHINESE','心电图图解速成讲授',0,'天津科技翻译出版公司','\0','EXCHANGE','心电图图解速成讲授','1',29,4,0),(101,'苏冠华',0,0,'2015-12-30 15:05:13','\0','2012-07-01','CHINESE','新编临床用药速查手册',0,'人民卫生出版社','','SHARE','本书为苏冠华、王朝晖医师在《临床用药速查手册》的基础上，重新编写而成，该书内容根据*近指南、路径、治疗原则等进行调整，其调整比例近30%，但保持开本、厚度基本不变。 ','1',29,3,0),(102,'王满恩，薛建英',0,0,'2015-12-30 15:07:01','\0','2015-04-01','CHINESE','中药功效快快记忆法（第3版）',0,'化学工业出版社','','SHARE','畅销的《中药学》快速记忆法','1',29,2,0),(103,'张志',0,0,'2015-12-30 15:10:20','','2015-11-01','CHINESE','和秋叶一起学Word',0,'人民邮电出版社','\0','EXCHANGE','继和秋叶一起学PPT后 如何高效读懂一本书作者@秋叶老师又一力作 毕业论文 总结报告 方案规划策划书不会做怎么办 office办公软件学习教程 又快又好提高工作文档排版','1',30,1,0),(104,'（美）Tom White　著，华东师范大学数据科学与工程学院　译',0,0,'2015-12-30 15:12:02','','2015-01-01','CHINESE','Hadoop权威指南(第3版)',0,'清华大学出版社','\0','EXCHANGE','（**全面深度解读Hadoop的权威指南 驰骋于云计算和大数据领域的通俗读本 ）','1',30,9,0),(105,'（美）莱西格（Resig，J.）（美）贝比奥特（ Bibeault，B.）',0,0,'2015-12-30 15:23:07','','2015-10-01','CHINESE','JavaScript忍者秘籍',0,'人民邮电出版社','\0','EXCHANGE','锋利的JS高手精通修炼实战手册 jQuery之父John Resig经典力作 深入剖析函数 闭包 原型和跨浏览器代码编写 ','1',30,8,0),(106,'钟百迪',1,0,'2015-12-30 15:24:35','\0','2014-07-01','CHINESE','一定要学的Photoshop风光人文摄影后期技法',0,'人民邮电出版社','','SHARED','解读风光人文摄影中设备、构图、修片三大问题 ','1',30,7,0),(107,'〔英〕克里斯托弗·布里克尔 著，杨秋生，李振宇 译',1,0,'2015-12-30 15:26:50','','2014-06-16','CHINESE','DK 世界园林植物与花卉百科全书（最新版）',0,'河南科学技术出版社','\0','EXCHANGE','（当当畅销多年的园艺百科全书，英国皇家园艺学会推荐，8000种植物，4250幅彩图，全球销量超过200多万册）','1',31,6,0),(108,'Christopher Brickell',0,0,'2015-12-30 15:27:56','','2014-08-01','CHINESE','园艺百科全书(全彩)',0,'电子工业出版社','\0','EXCHANGE','DK图书-全球畅销240 万册，英国皇家园艺学会权威奉献，园艺专业人士和爱好者书架必备 ','1',31,5,0),(109,'王意成 编著，汉竹 主编',5,0,'2015-12-30 15:29:00','\0','2013-03-01','CHINESE','700种多肉植物原色图鉴（汉竹）',0,':江苏科学技术出版社','','SHAREING','很全很实用，新手立变多肉控 赠送Iphone Ipad版花卉图鉴','1',31,4,0),(110,'王意成',5,0,'2015-12-30 15:41:44','\0','2013-01-01','CHINESE','花草树木图鉴大全(汉竹） 认一朵花，识一种草，爱上一棵树',0,'江苏科学技术出版社','','SHARE','花草树木图鉴大全(汉竹） 认一朵花，识一种草，爱上一棵树','1',31,2,0),(111,'英）查理·达尔文 著；钱逊 译',0,0,'2015-12-30 15:45:50','','2011-03-01','CHINESE','物种起源（全新修订版）进化与遗传的全面考察和经典阐述',0,'江苏人民出版社','\0','EXCHANGE','物种起源（全新修订版）进化与遗传的全面考察和经典阐述','1',32,1,0),(112,'阿尔伯特·爱因斯坦 著，易洪波 李智谋 译',0,0,'2015-12-30 15:46:56','','2011-03-01','CHINESE','相对论',0,'江苏人民出版社','\0','EXCHANGE','（一部开启现代科学与哲学思维模式的书）','1',32,9,0),(113,'（法）布封　著，陈焕文　译',3,0,'2015-12-30 15:49:06','\0','2011-03-01','CHINESE','自然史（人类和自然万物平等共存的完美演绎）',0,'江苏人民出版社','','SHAREING','自然史（人类和自然万物平等共存的完美演绎）','1',32,8,0),(114,'（法）布封　著，陈焕文　译',3,0,'2015-12-30 15:50:54','\0','2011-03-01','CHINESE','自然史',0,'江苏人民出版社','','SHARED','（人类和自然万物平等共存的完美演绎）','1',32,7,0),(115,'卢建彰',4,0,'2015-12-30 15:54:36','','2015-12-01','CHINESE','会讲故事，让世界听你的',0,'中国友谊出版公司','\0','EXCHANGE','人生如同故事。重要的并不在有多长，而是有多好！台湾广告创意界传奇人物卢建彰作品。《看见台湾》导演齐柏林、创意人龚大中作序推荐。教你如何讲好故事，个人魅力千倍增长 ','1',34,6,0),(116,'韦娜',48,0,'2015-12-30 15:55:51','','2015-11-01','CHINESE','世界不曾亏欠每一个努力的人',0,'天津人民出版社','\0','EXCHANGE','（别在年轻的时候选择安逸，别因一时的艰辛放弃梦想！你不努力，谁也给不了你想要的生活！）','1',34,5,0),(117,'【美】克里斯托弗•肯•吉莫 著,李龙 译',10,0,'2015-12-30 15:58:15','\0','2012-06-01','CHINESE','不与自己对抗，你就会更强大',0,'吉林文史出版社','','SHAREING','不与自己对抗，你就会更强大','1',34,4,0),(118,'吴淡如',22,0,'2015-12-30 15:59:20','\0','2015-01-01','CHINESE','经历过，才懂得',0,'北京联合出版公司','','SHAREING','点击购买：杨澜、俞敏洪、徐小平、于丹等大咖都在推荐的书！','1',34,3,0),(119,'丁小云',12,1,'2016-01-14 23:06:27','\0','2015-07-01','CHINESE','就像没有明天那样去生活',1,'武汉出版社','','SHARE','（在你迷茫时，总有人在努力；在你彷徨时，总有人在前行；在你放弃时，总有人在坚持……生活并不那么矫情，容不得你任性！你所能做的，就是抛却一切桎梏羁绊，把每一天都当作“末日”来过，时不我待，奋力前行） ','1',34,2,4),(120,'三公子',101,1,'2016-01-15 11:11:25','\0','2016-03-01','CHINESE','明天过得怎么样，取决于今天的你怎么做',1,'现代出版社','','SHARED','致每一个秉持初心、心怀梦想的人，你值得拥有自己的精彩 ！豆瓣人气爆棚作者 三公子 写给千万读者的自我成长之书！愿意用时光浇注梦想的人，注定会梦想成真。','1',34,1,4),(121,'[美]埃克尔',15,0,'2016-02-27 10:34:01','','2007-06-01','CHINESE',' Java编程思想（第4版） ',0,'机械工业出版社','\0','EXCHANGED','Java编程思想（第4版） ','4',30,7,0),(122,'[美]Joanne Baker',7,0,'2016-02-27 10:47:49','','2013-09-16','CHINESE','你不可不知的50个天文知识 ',0,'人民邮电出版社','\0','EXCHANGEING','读懂这本书，了解引力波，出自《科学》杂志编辑之手的有趣的天文科普书，图灵科普不可不知的知识系列图书，了解天文世界的入门图书 ','1',17,2,0);

/*Table structure for table `beasp_book_style` */

DROP TABLE IF EXISTS `beasp_book_style`;

CREATE TABLE `beasp_book_style` (
  `id` int(11) NOT NULL AUTO_INCREMENT,
  `choice` bit(1) NOT NULL,
  `create_time` datetime DEFAULT NULL,
  `image_name` varchar(40) NOT NULL,
  `visible` bit(1) NOT NULL,
  `book_id` int(11) NOT NULL,
  PRIMARY KEY (`id`),
  KEY `FK_7jkkhnuwxmhx6wt722rr6aggb` (`book_id`),
  CONSTRAINT `FK_7jkkhnuwxmhx6wt722rr6aggb` FOREIGN KEY (`book_id`) REFERENCES `beasp_book` (`id`)
) ENGINE=InnoDB AUTO_INCREMENT=123 DEFAULT CHARSET=utf8;

/*Data for the table `beasp_book_style` */

insert  into `beasp_book_style`(`id`,`choice`,`create_time`,`image_name`,`visible`,`book_id`) values (1,'','2015-12-29 20:21:46','9340883c-4d03-4e4b-aa68-e167de1281bf.jpg','',1),(2,'','2015-12-29 20:27:42','4ceaf056-a46f-499f-8687-df3b2db73c44.jpg','',2),(3,'','2015-12-29 20:29:39','efe28a2c-8f36-4377-90fe-a7b95f4d270c.jpg','',3),(4,'','2015-12-29 20:31:02','0ca819cd-2f45-4221-a932-03cd1aeb7c78.jpg','',4),(5,'','2015-12-29 20:33:05','8e5a910e-67b6-4015-bac5-dd865c29a061.jpg','',5),(6,'','2015-12-29 20:36:11','7a146aad-4ebc-4e91-8d0e-a19c7584ea5f.jpg','',6),(7,'','2015-12-29 20:38:24','366df471-9943-43a5-b6b9-18decc8bce6b.jpg','',7),(8,'','2015-12-29 20:39:22','05684807-0719-42dc-927d-aea217aa1ff1.jpg','',8),(9,'','2015-12-29 20:43:20','86724407-becc-4167-940b-5796c6cf97c4.jpg','',9),(10,'','2015-12-29 20:44:33','8f9b2341-c5e6-4f5e-ab55-c5043600c8eb.jpg','',10),(11,'','2015-12-29 20:45:35','977e62ae-21cc-4504-a4f4-400a2a33b8d6.jpg','',11),(12,'','2015-12-29 20:46:48','f44f02d1-c117-4e05-adf1-ec5018d8ca6a.jpg','',12),(13,'','2015-12-29 20:49:45','daff7afd-d194-4f70-ae13-ed6a1a30faa6.jpg','',13),(14,'','2015-12-29 20:51:20','8e203f0f-7e23-4682-95c8-4f0fa5981ef0.jpg','',14),(15,'','2015-12-29 20:52:19','ddb59efc-f383-4b4f-b222-6bc4f22409df.jpg','',15),(16,'','2015-12-29 20:53:43','d1f9b4eb-72ad-4b0c-901a-0401ea5ff331.jpg','',16),(17,'','2015-12-29 20:56:54','3d022b38-aa70-414c-8ccd-3c6adcec4927.jpg','',17),(18,'','2015-12-29 20:58:12','f292786e-309e-443e-9f75-7509def08050.jpg','',18),(19,'','2015-12-29 20:59:36','30a29873-2b53-418a-ad8e-b2ff244c7096.jpg','',19),(20,'','2015-12-29 21:00:55','54197367-35dd-4992-a60a-856c203d80ed.jpg','',20),(21,'','2015-12-29 21:02:56','8d5ffb3d-73be-4e67-9cab-b8d03558d356.jpg','',21),(22,'','2015-12-29 21:03:48','078bbb85-6651-4c64-aafc-28eebac2c394.jpg','',22),(23,'','2015-12-29 21:05:16','5eb0f9f0-e9b7-49b2-8517-189511e319e5.jpg','',23),(24,'','2015-12-29 21:06:22','e1668c9f-ee17-45d2-af91-5db27371f783.jpg','',24),(25,'','2015-12-29 21:12:55','981dc4d7-406c-414a-8a2c-8b5852eb3a87.jpg','',25),(26,'','2015-12-29 21:14:08','c60b6e0f-1d0f-44dd-a729-a1cd1b064741.jpg','',26),(27,'','2015-12-29 21:15:13','19b0d40f-e735-4c7b-9783-8140bc350062.jpg','',27),(28,'','2015-12-29 21:20:17','9e4eb977-324c-4616-9204-94e7e79a65d4.jpg','',28),(29,'','2015-12-29 21:21:42','106f0e35-972b-4533-8df5-3a9d7bd1d76c.jpg','',29),(30,'','2015-12-29 21:23:13','a959d230-10bb-48df-9db8-5516e860b433.jpg','',30),(31,'','2015-12-29 21:24:49','96703fc5-9c5c-4e71-8b26-50f922cdfe1d.jpg','',31),(32,'','2015-12-29 21:26:37','86560083-9178-4e0b-af20-64618b4b728b.jpg','',32),(33,'','2015-12-29 21:31:01','50d8fe50-f4b8-485c-af1f-c32afd002120.jpg','',33),(34,'','2015-12-29 21:32:37','5d871bf7-95f6-41e4-b861-fa16af287072.jpg','',34),(35,'','2015-12-29 21:33:44','86b40681-2084-4b66-ad6e-942f451446b4.jpg','',35),(36,'','2015-12-29 21:35:16','dbb534a1-78d5-4e17-8aee-44e5fb394a3d.jpg','',36),(37,'','2015-12-29 21:41:27','ea0ab82f-8b18-494e-ac77-e7fdb3cb3e7c.jpg','',37),(38,'','2015-12-29 21:42:21','9bc36c99-4efd-4da2-8269-bbabe816249a.jpg','',38),(39,'','2015-12-29 21:46:54','b13e28e0-0cf5-4807-8fa2-bb561aff815d.jpg','',39),(40,'','2015-12-29 21:48:00','b04f3b86-b2d9-4e0c-9d91-719935016f43.jpg','',40),(41,'','2015-12-30 09:28:35','00dc3bf8-48ef-4328-bd5a-d38e68d0105e.jpg','',41),(42,'','2015-12-30 09:29:34','8d63e151-c747-4054-9fee-f76312602757.jpg','',42),(43,'','2015-12-30 09:30:36','b4c327e0-13ef-43da-b477-df331fc77578.jpg','',43),(44,'','2015-12-30 09:31:37','32599a0a-3484-457f-831f-1c72bef67567.jpg','',44),(45,'','2015-12-30 09:35:04','8e4bdf32-1b29-49e5-9a27-265a3f068c25.jpg','',45),(46,'','2015-12-30 09:40:48','459779fc-79e8-4792-9ba2-4f3a085b96e1.jpg','',46),(47,'','2015-12-30 09:42:21','1e768163-d980-4cbf-949f-899fe5745514.jpg','',47),(48,'','2015-12-30 09:43:14','24615330-f016-4d4d-8841-ac22ba34db43.jpg','',48),(49,'','2015-12-30 09:46:36','064c28c1-5d88-4b87-9510-61f5bc8521ec.jpg','',49),(50,'','2015-12-30 09:47:32','f8517266-06b4-4f24-b953-eee9421b1041.jpg','',50),(51,'','2015-12-30 09:48:34','b1aa3909-c0f4-4477-83dd-f41146935311.jpg','',51),(52,'','2015-12-30 09:49:41','6ecabc97-d62f-45bc-90db-2fadafdff88a.jpg','',52),(53,'','2015-12-30 09:50:38','f1761230-8554-4560-85d6-1986f78e6b0f.jpg','',53),(54,'','2015-12-30 09:52:12','731cd0c8-2826-4908-996d-8abd487b855c.jpg','',54),(55,'','2015-12-30 09:56:30','97b69c40-38a8-4e07-a504-27105da1123d.jpg','',55),(56,'','2015-12-30 09:57:32','9b4d47d3-ba07-4d37-b768-ffa0a0cd5c31.jpg','',56),(57,'','2015-12-30 09:59:36','0e02e8fc-35fa-4930-9767-361098844806.jpg','',57),(58,'','2015-12-30 10:00:21','ef8c274a-f9ce-45ff-856e-a1b537cb6894.jpg','',58),(59,'','2015-12-30 10:30:57','cb4e77cc-0b65-477a-a053-bee63df4239a.jpg','',59),(60,'','2015-12-30 10:41:52','f5726d00-8e16-4d98-801d-4ddeeb7c9481.jpg','',60),(61,'','2015-12-30 10:45:51','4d090c90-b0cb-4f0b-9d39-13d253fe61a8.jpg','',61),(62,'','2015-12-30 11:19:09','5267fdb9-1558-4484-817e-3d9d730ef320.jpg','',62),(63,'','2015-12-30 13:01:52','360ba10c-aa1c-495d-8540-12b4a8e3e715.jpg','',63),(64,'','2015-12-30 13:04:28','4752b04a-bf0d-4289-a302-50337fa10e8e.jpg','',64),(65,'','2015-12-30 13:05:55','ab9b1e9d-5382-4d42-8af9-59158bd31e42.jpg','',65),(66,'','2015-12-30 13:06:56','4a68ffcf-7660-4d92-aa06-d99cde9ac82b.jpg','',66),(67,'','2015-12-30 13:55:16','6f02cfc9-1ae4-4b2a-a443-b034ab101328.jpg','',67),(68,'','2015-12-30 13:56:15','a2436628-8ba9-4a7f-8305-2b2e83a89dd8.jpg','',68),(69,'','2015-12-30 13:57:11','cdecb809-d4cb-4794-8c41-880c3f48cd25.jpg','',69),(70,'','2015-12-30 14:00:38','9b642417-94e7-4f79-8a1e-739ac102c0a1.jpg','',70),(71,'','2015-12-30 14:04:33','9f9925ce-23bf-4400-ba08-27f0a12cca61.jpg','',71),(72,'','2015-12-30 14:06:01','1c1b0fa6-c67f-4174-a32f-ef63eaea950c.jpg','',72),(73,'','2015-12-30 14:07:34','6c28fa2d-ef84-462e-9003-e10c4cd4f3ed.jpg','',73),(74,'','2015-12-30 14:09:35','51c584d7-8114-4f7e-bdd2-9d0346d08bc0.jpg','',74),(75,'','2015-12-30 14:13:23','9cd4a119-63ec-4f32-b91f-eb03e5f64a44.jpg','',75),(76,'','2015-12-30 14:14:15','49c8bbfd-a0cc-4d7e-b3c4-178a50468114.jpg','',76),(77,'','2015-12-30 14:15:42','58499a1f-86f5-437b-9885-dfc1df521781.jpg','',77),(78,'','2015-12-30 14:18:37','0a28fc24-5b72-46d2-b665-cbd905716419.jpg','',78),(79,'','2015-12-30 14:21:28','ebc88ee0-428a-472c-9b19-8261e2b10cb5.jpg','',79),(80,'','2015-12-30 14:22:45','f1914a34-f760-4b6c-bbe6-a5c1bd9d204d.jpg','',80),(81,'','2015-12-30 14:23:36','77f24ec4-ed78-4e0c-90b2-c85e5287bf63.jpg','',81),(82,'','2015-12-30 14:28:38','e170594a-3aa9-4222-b8a5-9910eebc26e5.jpg','',82),(83,'','2015-12-30 14:31:17','f7d154b4-9987-47b7-9977-def91467fd90.jpg','',83),(84,'','2015-12-30 14:32:14','c219a459-9586-40ce-b9d9-92dbf8d5e5a9.jpg','',84),(85,'','2015-12-30 14:33:14','e291257b-6e56-4535-b876-b6b2f513015e.jpg','',85),(86,'','2015-12-30 14:34:05','83a1b2f3-2f86-4f88-9995-b91f002f1f42.jpg','',86),(87,'','2015-12-30 14:37:53','1b1df56f-011c-48d4-919d-5f80001109e0.jpg','',87),(88,'','2015-12-30 14:38:40','1175e2da-70b4-44de-a6a4-2d896d7cd05f.jpg','',88),(89,'','2015-12-30 14:39:48','67507984-e150-4133-a59e-d643a04b8130.jpg','',89),(90,'','2015-12-30 14:41:10','e07bcc26-b965-44e8-bfd3-5125046155cd.jpg','',90),(91,'','2015-12-30 14:45:16','7edde8e6-519e-4c96-ad2d-aa4fbed35034.jpg','',91),(92,'','2015-12-30 14:46:05','5b97fe68-eba6-49e9-bb7f-0d39e3eb0988.jpg','',92),(93,'','2015-12-30 14:47:35','3debbf6c-3db9-47ed-a66f-b2dd1f9127ec.jpg','',93),(94,'','2015-12-30 14:48:50','a2843e59-f156-4880-9cf1-8c5685360096.jpg','',94),(95,'','2015-12-30 14:52:07','f3ab2770-1533-4a2d-ba46-da3aafae08e4.jpg','',95),(96,'','2015-12-30 14:52:57','f2aa9327-4990-4278-833b-5155c76f4a08.jpg','',96),(97,'','2015-12-30 14:55:41','79db8bd4-c5ed-4bf8-9667-ce21fa4161b7.jpg','',97),(98,'','2015-12-30 14:56:36','bcf73c40-2010-4828-a0cc-71a1ee99077c.jpg','',98),(99,'','2015-12-30 15:02:02','48d89eb3-d1c2-499b-9043-69cbe12b8105.jpg','',99),(100,'','2015-12-30 15:04:06','33c14cc5-954c-4b58-abec-5d73538aae76.jpg','',100),(101,'','2015-12-30 15:05:13','39ee6774-df2f-48ad-bb65-6f021f38301f.jpg','',101),(102,'','2015-12-30 15:07:01','26dbe253-fc92-42fc-bca1-0bf298568c58.jpg','',102),(103,'','2015-12-30 15:10:20','bf99b31f-5718-4e63-801b-a5bc9734607b.jpg','',103),(104,'','2015-12-30 15:12:02','bd6de3ac-18f1-483e-accb-804d00a42bdc.jpg','',104),(105,'','2015-12-30 15:23:07','062fd85e-e4ac-4020-949a-cecd929757b2.jpg','',105),(106,'','2015-12-30 15:24:35','6a8b052c-6e55-4b7c-971a-c4057b21e12a.jpg','',106),(107,'','2015-12-30 15:26:50','57c7cecf-b624-450f-8abf-1abc5d4d7742.jpg','',107),(108,'','2015-12-30 15:27:56','0592d8aa-b470-47dd-ba25-c0d2389b455b.jpg','',108),(109,'','2015-12-30 15:29:00','cf16ad17-3327-4ce5-b181-e14a98b3cb98.jpg','',109),(110,'','2015-12-30 15:41:44','9931c162-6bde-4b98-a82e-67215b6632ae.jpg','',110),(111,'','2015-12-30 15:45:50','91f98646-3e49-49e0-8a9a-0972fa9a064d.jpg','',111),(112,'','2015-12-30 15:46:56','afbc2e97-d879-44cb-8e23-3a92c5254156.jpg','',112),(113,'','2015-12-30 15:49:06','f876b79a-b9e7-4d74-8c29-6327427c3a97.jpg','',113),(114,'','2015-12-30 15:50:54','ed7f7f86-2852-4f76-8d97-4ae3f15294e3.jpg','',114),(115,'','2015-12-30 15:54:36','82407f06-7e06-4d4c-839c-198b6e4f5142.jpg','',115),(116,'','2015-12-30 15:55:51','3a29baf5-37bc-44c4-8dde-a88e0a0d4013.jpg','',116),(117,'','2015-12-30 15:58:15','8b5350ab-2e09-45a6-8469-5a434d6601c1.jpg','',117),(118,'','2015-12-30 15:59:20','30c53ad2-4e1a-4b5a-9d4c-44e73f6c08e3.jpg','',118),(119,'','2016-01-14 23:06:27','962cbfb1-3e04-4156-81d6-87e5e4612a4c.jpg','',119),(120,'','2016-01-15 11:11:25','b2828791-6329-4b5b-8cdc-4e7b42f68735.jpg','',120),(121,'','2016-02-27 10:34:01','41f022ff-8c8c-46ae-a2d1-d12b40883ae8.jpg','',121),(122,'','2016-02-27 10:47:49','c611726f-e63b-4be3-8551-1fcad50565ce.jpg','',122);

/*Table structure for table `beasp_book_user` */

DROP TABLE IF EXISTS `beasp_book_user`;

CREATE TABLE `beasp_book_user` (
  `id` int(11) NOT NULL AUTO_INCREMENT,
  `state` varchar(20) NOT NULL,
  `book_id` int(11) DEFAULT NULL,
  `user_id` int(11) DEFAULT NULL,
  `create_time` datetime DEFAULT NULL,
  PRIMARY KEY (`id`),
  KEY `FK_goaeslq9rg1ciev1rvhx81g6c` (`book_id`),
  KEY `FK_it61miwqste29l4g2v6x0supa` (`user_id`),
  CONSTRAINT `FK_goaeslq9rg1ciev1rvhx81g6c` FOREIGN KEY (`book_id`) REFERENCES `beasp_book` (`id`),
  CONSTRAINT `FK_it61miwqste29l4g2v6x0supa` FOREIGN KEY (`user_id`) REFERENCES `beasp_user` (`id`)
) ENGINE=InnoDB AUTO_INCREMENT=54 DEFAULT CHARSET=utf8;

/*Data for the table `beasp_book_user` */

insert  into `beasp_book_user`(`id`,`state`,`book_id`,`user_id`,`create_time`) values (1,'BROWSE',117,2,'2016-02-26 10:03:18'),(2,'BROWSE',110,2,'2016-02-26 21:15:56'),(3,'BROWSE',107,2,'2016-01-29 10:44:24'),(4,'BROWSE',115,2,'2016-02-26 21:14:49'),(5,'BROWSE',118,2,'2016-02-26 21:13:27'),(6,'BROWSE',14,2,'2016-02-26 15:47:05'),(7,'BROWSE',13,2,'2016-02-26 15:47:12'),(16,'BROWSE',120,2,'2016-02-26 15:44:48'),(20,'BROWSE',113,2,'2016-02-26 21:14:16'),(21,'BROWSE',116,2,'2016-02-27 10:50:38'),(23,'BROWSE',119,2,'2016-02-26 21:17:53'),(30,'PRAISE',120,2,'2016-02-03 11:15:08'),(32,'COLLECTION',120,2,'2016-02-04 09:31:52'),(33,'COLLECTION',119,2,'2016-02-04 09:32:11'),(34,'BROWSE',114,2,'2016-02-26 21:13:55'),(35,'BROWSE',96,2,'2016-02-04 11:15:07'),(36,'PRAISE',119,2,'2016-02-17 14:40:04'),(37,'BROWSE',26,2,'2016-02-26 11:45:12'),(38,'BROWSE',29,2,'2016-02-26 14:15:20'),(40,'BROWSE',31,2,'2016-02-26 15:41:00'),(41,'BROWSE',12,2,'2016-02-26 15:47:17'),(42,'BROWSE',117,1,'2016-02-26 17:03:29'),(43,'BROWSE',106,2,'2016-02-26 21:14:26'),(44,'BROWSE',109,2,'2016-02-26 21:18:39'),(45,'BROWSE',53,2,'2016-02-26 21:18:04'),(46,'BROWSE',52,2,'2016-02-26 21:18:12'),(47,'BROWSE',51,2,'2016-02-26 21:18:17'),(48,'BROWSE',35,2,'2016-02-26 21:18:49'),(49,'BROWSE',116,7,'2016-02-27 10:13:19'),(50,'BROWSE',121,7,'2016-02-27 15:27:39'),(51,'BROWSE',122,2,'2016-02-27 10:54:15'),(52,'BROWSE',121,2,'2016-02-27 11:07:15'),(53,'BROWSE',122,7,'2016-02-27 19:48:46');

/*Table structure for table `beasp_category` */

DROP TABLE IF EXISTS `beasp_category`;

CREATE TABLE `beasp_category` (
  `id` int(11) NOT NULL AUTO_INCREMENT,
  `describe_` longtext,
  `name` varchar(20) NOT NULL,
  `category_id` int(11) DEFAULT NULL,
  PRIMARY KEY (`id`),
  KEY `FK_a4wfj9jwxmf2ayjsrfddg7mwo` (`category_id`),
  CONSTRAINT `FK_a4wfj9jwxmf2ayjsrfddg7mwo` FOREIGN KEY (`category_id`) REFERENCES `beasp_category` (`id`)
) ENGINE=InnoDB AUTO_INCREMENT=36 DEFAULT CHARSET=utf8;

/*Data for the table `beasp_category` */

insert  into `beasp_category`(`id`,`describe_`,`name`,`category_id`) values (1,'文艺类书籍','文艺',NULL),(2,'文学类书籍，属于文艺类','文学',1),(3,'传记类书籍，属于文艺类','传记',1),(4,'艺术类书籍，属于文艺类','艺术',1),(5,'摄影类书籍，属于文艺类','摄影',1),(6,'青春类书籍','青春',NULL),(7,'青春文学类书籍，属于青春类','青春文学',6),(8,'教育类书籍','教育',NULL),(9,'教材类书籍，属于教育类','教材',8),(10,'考试类书籍，属于教育类','考试',8),(11,'生活类书籍','生活',NULL),(12,'休闲爱好类书籍，属于生活类','休闲/爱好',11),(13,'旅游地图类书籍，属于生活类','旅游/地图',11),(14,'体育运动类书籍，属于生活类','体育/运动',11),(15,'人文社科类书籍','人文社科',NULL),(16,'历史类书籍，属于人文社科类','历史',15),(17,'文化类书籍，属于人文社科类','文化',15),(18,'古籍类书籍，属于人文社科类','古籍',15),(19,'心理学类书籍，属于人文社科类','心理学',15),(20,'社会科学类书籍，属于人文社科类','社会科学',15),(21,'法律类书籍，属于人文社科类','法律',15),(22,'经管类书籍','经管',NULL),(23,'管理类书籍，属于经管类','管理',22),(24,'投资理财类书籍，属于经管类','投资理财',22),(25,'经济类书籍，属于经管类','经济',22),(26,'科技类书籍','科技',NULL),(27,'科普读物类书籍，属于科技类','科普读物',26),(28,'建筑类书籍，属于科技类','建筑',26),(29,'医学类书籍，属于科技类','医学',26),(30,'计算机网络类书籍，属于科技类','计算机/网络',26),(31,'农业林业类书籍，属于科技类','农业/林业',26),(32,'自然科学类书籍，属于科技类','自然科学',26),(33,'励志成功类书籍','励志/成功',NULL),(34,'成功励志类书籍，属于励志成功类','成功/励志',33),(35,'工具书类书籍','工具书',NULL);

/*Table structure for table `beasp_city` */

DROP TABLE IF EXISTS `beasp_city`;

CREATE TABLE `beasp_city` (
  `ci_id` int(10) NOT NULL COMMENT '城市ID值',
  `ci_province` int(10) NOT NULL COMMENT '省份外键',
  `ci_city` varchar(32) NOT NULL COMMENT '城市名称',
  PRIMARY KEY (`ci_id`),
  KEY `ci_province` (`ci_province`),
  CONSTRAINT `beasp_city_ibfk_1` FOREIGN KEY (`ci_province`) REFERENCES `beasp_province` (`pr_id`)
) ENGINE=InnoDB DEFAULT CHARSET=utf8;

/*Data for the table `beasp_city` */

insert  into `beasp_city`(`ci_id`,`ci_province`,`ci_city`) values (1,1,'北京市'),(2,2,'上海市'),(3,3,'天津市'),(4,4,'重庆市'),(5,5,'大庆市'),(6,5,'大兴安岭地区'),(7,5,'哈尔滨市'),(8,5,'鹤岗市'),(9,5,'黑河市'),(10,5,'鸡西市'),(11,5,'佳木斯市'),(12,5,'牡丹江市'),(13,5,'七台河市'),(14,5,'齐齐哈尔市'),(15,5,'双鸭山市'),(16,5,'绥化市'),(17,5,'伊春市'),(18,6,'白城市'),(19,6,'白山市'),(20,6,'吉林市'),(21,6,'辽源市'),(22,6,'四平市'),(23,6,'松原市'),(24,6,'通化市'),(25,6,'延吉市'),(26,6,'长春市'),(27,7,'鞍山市'),(28,7,'本溪市'),(29,7,'朝阳市'),(30,7,'大连市'),(31,7,'丹东市'),(32,7,'抚顺市'),(33,7,'阜新市'),(34,7,'葫芦岛市'),(35,7,'锦州市'),(36,7,'辽阳市'),(37,7,'盘锦市'),(38,7,'沈阳市'),(39,7,'铁岭市'),(40,7,'营口市'),(41,8,'滨州市'),(42,8,'德州市'),(43,8,'东营市'),(44,8,'菏泽市'),(45,8,'济南市'),(46,8,'济宁市'),(47,8,'莱芜市'),(48,8,'聊城市'),(49,8,'临沂市'),(50,8,'青岛市'),(51,8,'日照市'),(52,8,'泰安市'),(53,8,'威海市'),(54,8,'潍坊市'),(55,8,'烟台市'),(56,8,'枣庄市'),(57,8,'淄博市'),(58,9,'大同市'),(59,9,'晋城市'),(60,9,'晋中市'),(61,9,'临汾市'),(62,9,'吕梁市'),(63,9,'朔州市'),(64,9,'太原市'),(65,9,'忻州市'),(66,9,'阳泉市'),(67,9,'运城市'),(68,9,'长治市'),(69,10,'安康市'),(70,10,'宝鸡市'),(71,10,'汉中市'),(72,10,'商洛市'),(73,10,'铜川市'),(74,10,'渭南市'),(75,10,'西安市'),(76,10,'咸阳市'),(77,10,'延安市'),(78,10,'榆林市'),(79,11,'保定市'),(80,11,'沧州市'),(81,11,'承德市'),(82,11,'邯郸市'),(83,11,'衡水市'),(84,11,'廊坊市'),(85,11,'秦皇岛市'),(86,11,'三河市'),(87,11,'石家庄市'),(88,11,'唐山市'),(90,11,'邢台市'),(91,11,'张家口市'),(92,12,'安阳市'),(93,12,'鹤壁市'),(94,12,'济源市'),(95,12,'焦作市'),(96,12,'开封市'),(97,12,'洛阳市'),(98,12,'漯河市'),(99,12,'南阳市'),(100,12,'平顶山市'),(101,12,'濮阳市'),(102,12,'三门峡市'),(103,12,'商丘市'),(104,12,'新乡市'),(105,12,'信阳市'),(106,12,'许昌市'),(107,12,'郑州市'),(108,12,'周口市'),(109,12,'驻马店市'),(110,13,'鄂州市'),(111,13,'恩施市'),(112,13,'黄冈市'),(113,13,'黄石市'),(114,13,'荆门市'),(115,13,'荆州市'),(116,13,'潜江市'),(117,13,'十堰市'),(118,13,'随州市'),(119,13,'天门市'),(120,13,'武汉市'),(121,13,'仙桃市'),(122,13,'咸宁市'),(123,13,'襄阳市'),(124,13,'孝感市'),(125,13,'宜昌市'),(126,14,'常德市'),(127,14,'郴州市'),(128,14,'衡阳市'),(129,14,'怀化市'),(130,14,'吉首市'),(131,14,'娄底市'),(132,14,'邵阳市'),(133,14,'湘潭市'),(134,14,'益阳市'),(135,14,'永州市'),(136,14,'岳阳市'),(137,14,'张家界市'),(138,14,'长沙市'),(139,14,'株洲市'),(140,15,'海口市'),(141,15,'琼海市'),(142,15,'三亚市'),(143,15,'文昌市'),(144,15,'五指山市'),(145,16,'常州市'),(146,16,'淮安市'),(147,16,'连云港市'),(148,16,'南京市'),(149,16,'南通市'),(150,16,'苏州市'),(151,16,'泰州市'),(152,16,'无锡市'),(153,16,'宿迁市'),(154,16,'徐州市'),(155,16,'盐城市'),(156,16,'扬州市'),(157,16,'镇江市'),(158,17,'抚州市'),(159,17,'赣州市'),(160,17,'吉安市'),(161,17,'景德镇市'),(162,17,'九江市'),(163,17,'南昌市'),(164,17,'萍乡市'),(165,17,'上饶市'),(166,17,'新余市'),(167,17,'宜春市'),(168,17,'鹰潭市'),(169,18,'潮州市'),(170,18,'东莞市'),(171,18,'佛山市'),(172,18,'广州市'),(173,18,'河源市'),(174,18,'惠州市'),(175,18,'江门市'),(176,18,'揭阳市'),(177,18,'茂名市'),(178,18,'梅州市'),(179,18,'清远市'),(180,18,'汕头市'),(181,18,'汕尾市'),(182,18,'韶关市'),(183,18,'深圳市'),(184,18,'阳江市'),(185,18,'云浮市'),(186,18,'湛江市'),(187,18,'肇庆市'),(188,18,'中山市'),(189,18,'珠海市'),(190,19,'百色市'),(191,19,'北海市'),(192,19,'崇左市'),(193,19,'贵港市'),(194,19,'桂林市'),(195,19,'河池市'),(196,19,'贺州市'),(197,19,'柳州市'),(198,19,'南宁市'),(199,19,'钦州市'),(200,19,'梧州市'),(201,19,'玉林市'),(202,20,'保山市'),(203,20,'楚雄市'),(204,20,'大理市'),(205,20,'德宏州'),(206,20,'个旧市'),(207,20,'景洪市'),(208,20,'昆明市'),(209,20,'丽江市'),(210,20,'临沧市'),(211,20,'蒙自市'),(212,20,'普洱市'),(213,20,'曲靖市'),(214,20,'文山州'),(215,20,'玉溪市'),(216,20,'昭通市'),(217,21,'安顺市'),(218,21,'毕节市'),(219,21,'都匀市'),(220,21,'贵阳市'),(221,21,'凯里市'),(222,21,'六盘水市'),(223,21,'黔南州'),(224,21,'铜仁市'),(225,21,'兴义市'),(226,21,'遵义市'),(227,22,'巴中市'),(228,22,'成都市'),(229,22,'达州市'),(230,22,'德阳市'),(231,22,'甘孜州'),(232,22,'广安市'),(233,22,'广汉市'),(234,22,'广元市'),(235,22,'乐山市'),(236,22,'泸州市'),(237,22,'眉山市'),(238,22,'绵阳市'),(239,22,'南充市'),(240,22,'内江市'),(241,22,'攀枝花市'),(242,22,'遂宁市'),(243,22,'汶川县'),(244,22,'西昌市'),(245,22,'雅安市'),(246,22,'宜宾市'),(247,22,'资阳市'),(248,22,'自贡市'),(249,23,'阿拉善盟'),(250,23,'巴彦淖尔市'),(251,23,'包头市'),(252,23,'赤峰市'),(253,23,'鄂尔多斯市'),(254,23,'呼和浩特市'),(255,23,'呼伦贝尔市'),(256,23,'通辽市'),(257,23,'乌海市'),(258,23,'乌兰察布市'),(259,23,'锡林郭勒盟'),(260,23,'兴安盟'),(261,24,'固原市'),(262,24,'石嘴山市'),(263,24,'吴忠市'),(264,24,'银川市'),(265,25,'白银市'),(266,25,'定西市'),(267,25,'甘南州'),(268,25,'嘉峪关市'),(269,25,'金昌市'),(270,25,'酒泉市'),(271,25,'兰州市'),(272,25,'陇南市'),(273,25,'平凉市'),(274,25,'庆阳市'),(275,25,'天水市'),(276,25,'武威市'),(277,25,'张掖市'),(278,26,'西宁市'),(279,27,'拉萨市'),(280,27,'咸阳市'),(281,28,'阿克苏市'),(282,28,'阿拉尔市'),(283,28,'昌吉市'),(284,28,'和田市'),(285,28,'喀什地区'),(286,28,'克拉玛依市'),(287,28,'库尔勒市'),(288,28,'奎屯市'),(289,28,'石河子市'),(290,28,'乌鲁木齐市'),(291,28,'伊犁州'),(292,28,'伊宁市'),(293,29,'安庆市'),(294,29,'蚌埠市'),(295,29,'亳州市'),(296,29,'池州市'),(297,29,'滁州市'),(298,29,'阜阳市'),(299,29,'合肥市'),(300,29,'淮北市'),(301,29,'淮南市'),(302,29,'黄山市'),(303,29,'六安市'),(304,29,'马鞍山市'),(305,29,'铜陵市'),(306,29,'芜湖市'),(307,29,'宿州市'),(308,29,'宣城市'),(309,30,'杭州市'),(310,30,'湖州市'),(311,30,'嘉兴市'),(312,30,'金华市'),(313,30,'丽水市'),(314,30,'宁波市'),(315,30,'衢州市'),(316,30,'绍兴市'),(317,30,'台州市'),(318,30,'温州市'),(319,30,'舟山市'),(320,31,'福州市'),(321,31,'龙岩市'),(322,31,'南平市'),(323,31,'宁德市'),(324,31,'莆田市'),(325,31,'泉州市'),(326,31,'三明市'),(327,31,'厦门市'),(328,31,'漳州市');

/*Table structure for table `beasp_comment` */

DROP TABLE IF EXISTS `beasp_comment`;

CREATE TABLE `beasp_comment` (
  `id` int(11) NOT NULL AUTO_INCREMENT,
  `comment_time` datetime DEFAULT NULL,
  `content` varchar(300) NOT NULL,
  `book_id` int(11) DEFAULT NULL,
  `user_id` int(11) DEFAULT NULL,
  PRIMARY KEY (`id`),
  KEY `FK_qp19y0vb8o18rdvnt0e9nv7a7` (`book_id`),
  KEY `FK_819aco73ld6e5jiyvci2yajui` (`user_id`),
  CONSTRAINT `FK_819aco73ld6e5jiyvci2yajui` FOREIGN KEY (`user_id`) REFERENCES `beasp_user` (`id`),
  CONSTRAINT `FK_qp19y0vb8o18rdvnt0e9nv7a7` FOREIGN KEY (`book_id`) REFERENCES `beasp_book` (`id`)
) ENGINE=InnoDB AUTO_INCREMENT=14 DEFAULT CHARSET=utf8;

/*Data for the table `beasp_comment` */

insert  into `beasp_comment`(`id`,`comment_time`,`content`,`book_id`,`user_id`) values (1,'2016-02-02 16:21:55','人都是有梦想的！',120,2),(2,'2016-02-02 16:22:40','这只在于你是否找到了实现它的捷径！',120,1),(3,'2016-02-02 19:20:31','明天过得怎么样！',120,2),(4,'2016-02-02 19:25:21','取决于今天的你怎么做！',120,2),(5,'2016-02-02 19:26:33','<html></html>',120,2),(6,'2016-02-02 19:28:38','<body></body>',120,2),(7,'2016-02-03 09:33:59','经历过，才懂得！',118,2),(8,'2016-02-03 09:35:55','不与自己对抗，你就会更强大！',117,2),(9,'2016-02-03 10:06:11','<head></head>',120,2),(10,'2016-02-17 14:41:06','就想明天那样去生活！',119,2),(11,'2016-02-25 19:38:30','就想明天那样去生活！',119,2),(12,'2016-02-27 10:36:42','Java编程思想（第4版） !',121,7),(13,'2016-02-27 10:53:01','你不可不知的50个天文知识!',122,2);

/*Table structure for table `beasp_exchange` */

DROP TABLE IF EXISTS `beasp_exchange`;

CREATE TABLE `beasp_exchange` (
  `id` int(11) NOT NULL AUTO_INCREMENT,
  `apply_time` datetime DEFAULT NULL,
  `confirm_time` datetime DEFAULT NULL,
  `result` int(11) NOT NULL,
  `state` varchar(20) NOT NULL,
  `exchanger_id` int(11) DEFAULT NULL,
  `replace_id` int(11) DEFAULT NULL,
  `target_id` int(11) DEFAULT NULL,
  `user_id` int(11) DEFAULT NULL,
  PRIMARY KEY (`id`),
  KEY `FK_poe4rv14bhp8mf85wvtyck69j` (`exchanger_id`),
  KEY `FK_eu79sfcs4wv6s3on506fat7t6` (`replace_id`),
  KEY `FK_mg3wcbu394n2j7a3lli1wruym` (`target_id`),
  KEY `FK_qkjnwdxpmf4cyr35e4fqw7poe` (`user_id`),
  CONSTRAINT `FK_eu79sfcs4wv6s3on506fat7t6` FOREIGN KEY (`replace_id`) REFERENCES `beasp_book` (`id`),
  CONSTRAINT `FK_mg3wcbu394n2j7a3lli1wruym` FOREIGN KEY (`target_id`) REFERENCES `beasp_book` (`id`),
  CONSTRAINT `FK_poe4rv14bhp8mf85wvtyck69j` FOREIGN KEY (`exchanger_id`) REFERENCES `beasp_user` (`id`),
  CONSTRAINT `FK_qkjnwdxpmf4cyr35e4fqw7poe` FOREIGN KEY (`user_id`) REFERENCES `beasp_user` (`id`)
) ENGINE=InnoDB AUTO_INCREMENT=3 DEFAULT CHARSET=utf8;

/*Data for the table `beasp_exchange` */

insert  into `beasp_exchange`(`id`,`apply_time`,`confirm_time`,`result`,`state`,`exchanger_id`,`replace_id`,`target_id`,`user_id`) values (1,'2016-02-27 13:38:13','2016-02-27 19:46:31',1,'EXCHANGED',2,3,121,7),(2,'2016-02-27 19:49:15','2016-02-27 19:49:15',0,'EXCHANGEING',7,77,122,2);

/*Table structure for table `beasp_province` */

DROP TABLE IF EXISTS `beasp_province`;

CREATE TABLE `beasp_province` (
  `pr_id` int(10) NOT NULL COMMENT '省份ID值',
  `pr_province` varchar(32) NOT NULL COMMENT '省份名称',
  PRIMARY KEY (`pr_id`)
) ENGINE=InnoDB DEFAULT CHARSET=utf8;

/*Data for the table `beasp_province` */

insert  into `beasp_province`(`pr_id`,`pr_province`) values (1,'北京'),(2,'上海'),(3,'天津'),(4,'重庆'),(5,'黑龙江'),(6,'吉林'),(7,'辽宁'),(8,'山东'),(9,'山西'),(10,'陕西'),(11,'河北'),(12,'河南'),(13,'湖北'),(14,'湖南'),(15,'海南'),(16,'江苏'),(17,'江西'),(18,'广东'),(19,'广西'),(20,'云南'),(21,'贵州'),(22,'四川'),(23,'内蒙古'),(24,'宁夏'),(25,'甘肃'),(26,'青海'),(27,'西藏'),(28,'新疆'),(29,'安徽'),(30,'浙江'),(31,'福建'),(32,'香港'),(33,'澳门'),(34,'台湾');

/*Table structure for table `beasp_school` */

DROP TABLE IF EXISTS `beasp_school`;

CREATE TABLE `beasp_school` (
  `sh_id` int(10) NOT NULL COMMENT '学校ID值',
  `sh_city` int(10) NOT NULL COMMENT '城市外键',
  `sh_shool` varchar(32) NOT NULL COMMENT '学校名称',
  PRIMARY KEY (`sh_id`),
  KEY `sh_city` (`sh_city`),
  CONSTRAINT `beasp_school_ibfk_1` FOREIGN KEY (`sh_city`) REFERENCES `beasp_city` (`ci_id`)
) ENGINE=InnoDB DEFAULT CHARSET=utf8;

/*Data for the table `beasp_school` */

insert  into `beasp_school`(`sh_id`,`sh_city`,`sh_shool`) values (1,1,'北京大学'),(2,1,'中国人民大学'),(3,1,'清华大学'),(4,1,'北京交通大学'),(5,1,'北京科技大学'),(6,1,'北京化工大学'),(7,1,'北京邮电大学'),(8,1,'中国农业大学'),(9,1,'北京林业大学'),(10,1,'北京中医药大学'),(11,1,'北京师范大学'),(12,1,'北京外国语大学'),(13,1,'北京语言大学'),(14,1,'中央财经大学'),(15,1,'对外经济贸易大学'),(16,1,'中国政法大学'),(17,1,'华北电力大学'),(18,1,'中国石油大学'),(19,1,'中央民族大学'),(20,1,'中国人民公安大学'),(21,1,'北京协和医学院'),(22,1,'北京体育大学'),(23,1,'北京航空航天大学'),(24,1,'北京理工大学'),(25,1,'中国科学院大学'),(26,1,'北京工业大学'),(27,1,'北方工业大学'),(28,1,'北京工商大学'),(29,1,'北京建筑大学'),(30,1,'首都医科大学'),(31,1,'首都师范大学'),(32,1,'首都经济贸易大学'),(33,1,'北京信息科技大学'),(34,1,'北京联合大学'),(35,1,'中国传媒大学'),(36,1,'国际关系学院'),(37,1,'中央音乐学院'),(38,1,'中央美术学院'),(39,1,'中央戏剧学院'),(40,1,'北京电子科技学院'),(41,1,'外交学院'),(42,1,'中国劳动关系学院'),(43,1,'中国青年政治学院'),(44,1,'中华女子学院'),(45,1,'北京服装学院'),(46,1,'北京印刷学院'),(47,1,'北京石油化工学院'),(48,1,'北京农学院'),(49,1,'首都体育学院'),(50,1,'北京第二外国语学院'),(51,1,'北京物资学院'),(52,1,'中国音乐学院'),(53,1,'中国戏曲学院'),(54,1,'北京电影学院'),(55,1,'北京舞蹈学院'),(56,1,'北京城市学院'),(57,1,'首钢工学院'),(58,1,'北京警察学院'),(59,1,'北京青年政治学院'),(60,1,'北京工业职业技术学院'),(61,1,'北京信息职业技术学院'),(62,1,'北京电子科技职业学院'),(63,1,'北京吉利大学'),(64,1,'北京社会管理职业学院'),(65,1,'北京新圆明职业学院'),(66,1,'北京体育职业学院'),(67,1,'北京交通运输职业学院'),(68,1,'北京卫生职业学院'),(69,1,'北京京北职业技术学院'),(70,1,'北京交通职业技术学院'),(71,1,'北京农业职业学院'),(72,1,'北京政法职业学院'),(73,1,'北京财贸职业学院'),(74,1,'北京北大方正软件职业技术学院'),(75,1,'北京经贸职业学院'),(76,1,'北京经济技术职业学院'),(77,1,'北京戏曲艺术职业学院'),(78,1,'北京汇佳职业学院'),(79,1,'北京现代职业技术学院'),(80,1,'北京科技经营管理学院'),(81,1,'北京科技职业学院'),(82,1,'北京培黎职业学院'),(83,1,'北京经济管理职业学院'),(84,1,'北京劳动保障职业学院'),(85,2,'复旦大学'),(86,2,'同济大学'),(87,2,'上海交通大学'),(88,2,'华东理工大学'),(89,2,'东华大学'),(90,2,'华东师范大学'),(91,2,'上海外国语大学'),(92,2,'上海财经大学'),(93,2,'上海理工大学'),(94,2,'上海海事大学'),(95,2,'上海海洋大学'),(96,2,'上海中医药大学'),(97,2,'上海师范大学'),(98,2,'上海对外经贸大学'),(99,2,'华东政法大学'),(100,2,'上海大学'),(101,2,'上海工程技术大学'),(102,2,'上海纽约大学'),(103,2,'上海海关学院'),(104,2,'上海电力学院'),(105,2,'上海应用技术学院'),(106,2,'上海体育学院'),(107,2,'上海音乐学院'),(108,2,'上海戏剧学院'),(109,2,'上海立信会计学院'),(110,2,'上海电机学院'),(111,2,'上海金融学院'),(112,2,'上海杉达学院'),(113,2,'上海商学院'),(114,2,'上海视觉艺术学院'),(115,2,'上海政法学院'),(116,2,'上海第二工业大学'),(117,2,'上海建桥学院'),(118,2,'上海医疗器械高等专科学校'),(119,2,'上海旅游高等专科学校'),(120,2,'上海公安高等专科学校'),(121,2,'上海出版印刷高等专科学校'),(122,2,'上海医药高等专科学校'),(123,2,'上海民航职业技术学院'),(124,2,'上海东海职业技术学院'),(125,2,'上海新侨职业技术学院'),(126,2,'上海兴韦信息技术职业学院'),(127,2,'上海体育职业学院'),(128,2,'上海健康职业技术学院'),(129,2,'上海行健职业学院'),(130,2,'上海城市管理职业技术学院'),(131,2,'上海交通职业技术学院'),(132,2,'上海海事职业技术学院'),(133,2,'上海电子信息职业技术学院'),(134,2,'上海震旦职业学院'),(135,2,'上海民远职业技术学院'),(136,2,'上海欧华职业技术学院'),(137,2,'上海思博职业技术学院'),(138,2,'上海立达职业技术学院'),(139,2,'上海工艺美术职业学院'),(140,2,'上海济光职业技术学院'),(141,2,'上海工商外国语职业学院'),(142,2,'上海科学技术职业学院'),(143,2,'上海农林职业技术学院'),(144,2,'上海邦德职业技术学院'),(145,2,'上海中侨职业技术学院'),(146,2,'上海建峰职业技术学院'),(147,2,'上海电影艺术职业学院'),(148,2,'上海中华职业技术学院'),(149,2,'上海工会管理职业学院'),(150,3,'河北工业大学'),(151,3,'南开大学'),(152,3,'天津大学'),(153,3,'中国民航大学'),(154,3,'天津科技大学'),(155,3,'天津工业大学'),(156,3,'天津理工大学'),(157,3,'天津医科大学'),(158,3,'天津中医药大学'),(159,3,'天津师范大学'),(160,3,'天津职业技术师范大学'),(161,3,'天津外国语大学'),(162,3,'天津商业大学'),(163,3,'天津财经大学'),(164,3,'天津城建大学'),(165,3,'天津农学院'),(166,3,'天津体育学院'),(167,3,'天津音乐学院'),(168,3,'天津美术学院'),(169,3,'天津天狮学院'),(170,3,'天津医学高等专科学校'),(171,3,'天津市职业大学'),(172,3,'天津商务职业学院'),(173,3,'天津广播影视职业学院'),(174,3,'天津中德职业技术学院'),(175,3,'天津滨海职业学院'),(176,3,'天津工程职业技术学院'),(177,3,'天津青年职业学院'),(178,3,'天津渤海职业技术学院'),(179,3,'天津电子信息职业技术学院'),(180,3,'天津机电职业技术学院'),(181,3,'天津现代职业技术学院'),(182,3,'天津公安警官职业学院'),(183,3,'天津轻工职业技术学院'),(184,3,'天津国土资源和房屋职业学院'),(185,3,'天津开发区职业技术学院'),(186,3,'天津艺术职业学院'),(187,3,'天津交通职业学院'),(188,3,'天津冶金职业技术学院'),(189,3,'天津石油职业技术学院'),(190,3,'天津城市职业学院'),(191,3,'天津铁道职业技术学院'),(192,3,'天津工艺美术职业学院'),(193,3,'天津城市建设管理职业技术学院'),(194,3,'天津生物工程职业技术学院'),(195,3,'天津海运职业学院'),(196,4,'重庆大学'),(197,4,'西南大学'),(198,4,'重庆邮电大学'),(199,4,'重庆交通大学'),(200,4,'重庆医科大学'),(201,4,'重庆师范大学'),(202,4,'西南政法大学'),(203,4,'重庆理工大学'),(204,4,'重庆工商大学'),(205,4,'重庆文理学院'),(206,4,'重庆三峡学院'),(207,4,'长江师范学院'),(208,4,'四川外国语大学'),(209,4,'四川美术学院'),(210,4,'重庆科技学院'),(211,4,'重庆警察学院'),(212,4,'重庆人文科技学院'),(213,4,'重庆第二师范学院'),(214,4,'重庆电力高等专科学校'),(215,4,'重庆幼儿师范高等专科学校'),(216,4,'重庆三峡医药高等专科学校'),(217,4,'重庆医药高等专科学校'),(218,4,'重庆航天职业技术学院'),(219,4,'重庆传媒职业学院'),(220,4,'重庆房地产职业学院'),(221,4,'重庆青年职业技术学院'),(222,4,'重庆财经职业学院'),(223,4,'重庆科创职业学院'),(224,4,'重庆建筑工程职业学院'),(225,4,'重庆电讯职业学院'),(226,4,'重庆能源职业学院'),(227,4,'重庆商务职业学院'),(228,4,'重庆交通职业学院'),(229,4,'重庆化工职业学院'),(230,4,'重庆旅游职业学院'),(231,4,'重庆安全技术职业学院'),(232,4,'重庆公共运输职业学院'),(233,4,'重庆艺术工程职业学院'),(234,4,'重庆轻工职业学院'),(235,4,'重庆电信职业学院'),(236,4,'重庆经贸职业学院'),(237,4,'重庆文化艺术职业学院'),(238,4,'重庆服装工程职业学院'),(239,4,'重庆工业职业技术学院'),(240,4,'重庆三峡职业学院'),(241,4,'重庆工贸职业技术学院'),(242,4,'重庆机电职业技术学院'),(243,4,'重庆正大软件职业技术学院'),(244,4,'重庆电子工程职业学院'),(245,4,'重庆海联职业技术学院'),(246,4,'重庆信息技术职业学院'),(247,4,'重庆城市管理职业学院'),(248,4,'重庆工程职业技术学院'),(249,4,'重庆城市职业学院'),(250,4,'重庆水利电力职业技术学院'),(251,4,'重庆工商职业学院'),(252,4,'重庆民生职业技术学院'),(253,5,'东北石油大学'),(254,5,'黑龙江八一农垦大学'),(255,5,'大庆师范学院'),(256,5,'大庆医学高等专科学校'),(257,5,'大庆职业学院'),(258,6,'大兴安岭职业学院'),(259,7,'东北林业大学'),(260,7,'哈尔滨工业大学'),(261,7,'哈尔滨工程大学'),(262,7,'黑龙江大学'),(263,7,'哈尔滨理工大学'),(264,7,'黑龙江科技大学'),(265,7,'东北农业大学'),(266,7,'哈尔滨医科大学'),(267,7,'黑龙江中医药大学'),(268,7,'哈尔滨师范大学'),(269,7,'哈尔滨商业大学'),(270,7,'哈尔滨体育学院'),(271,7,'哈尔滨金融学院'),(272,7,'哈尔滨学院'),(273,7,'黑龙江工程学院'),(274,7,'黑龙江东方学院'),(275,7,'黑龙江外国语学院'),(276,7,'黑龙江财经学院'),(277,7,'哈尔滨石油学院'),(278,7,'哈尔滨远东理工学院'),(279,7,'哈尔滨剑桥学院'),(280,7,'哈尔滨广厦学院'),(281,7,'哈尔滨华德学院'),(282,7,'黑龙江护理高等专科学校'),(283,7,'哈尔滨幼儿师范高等专科学校'),(284,7,'黑龙江职业学院'),(285,7,'黑龙江建筑职业技术学院'),(286,7,'哈尔滨传媒职业学院'),(287,7,'哈尔滨江南职业技术学院'),(288,7,'哈尔滨应用职业技术学院'),(289,7,'哈尔滨科学技术职业学院'),(290,7,'黑龙江粮食职业学院'),(291,7,'哈尔滨工程技术职业学院'),(292,7,'哈尔滨华夏计算机职业技术学院'),(293,7,'黑龙江艺术职业学院'),(294,7,'黑龙江农业工程职业学院'),(295,7,'黑龙江农垦职业学院'),(296,7,'黑龙江司法警官职业学院'),(297,7,'哈尔滨电力职业技术学院'),(298,7,'哈尔滨铁道职业技术学院'),(299,7,'哈尔滨职业技术学院'),(300,7,'黑龙江生物科技职业学院'),(301,7,'黑龙江公安警官职业学院'),(302,7,'黑龙江信息技术职业学院'),(303,7,'黑龙江旅游职业技术学院'),(304,7,'黑龙江三江美术职业学院'),(305,7,'黑龙江生态工程职业学院'),(306,7,'黑龙江民族职业学院'),(307,8,'鹤岗师范高等专科学校'),(308,9,'黑河学院'),(309,10,'黑龙江工业学院'),(310,11,'佳木斯大学'),(311,11,'佳木斯职业学院'),(312,12,'牡丹江医学院'),(313,12,'牡丹江师范学院'),(314,12,'黑龙江幼儿师范高等专科学校'),(315,12,'牡丹江大学'),(316,12,'黑龙江林业职业技术学院'),(317,12,'黑龙江农业职业技术学院'),(318,12,'黑龙江农业经济职业学院'),(319,12,'黑龙江商业职业学院'),(320,13,'七台河职业学院'),(321,14,'齐齐哈尔大学'),(322,14,'齐齐哈尔医学院'),(323,14,'齐齐哈尔工程学院'),(324,14,'齐齐哈尔高等师范专科学校'),(325,14,'黑龙江交通职业技术学院'),(326,14,'齐齐哈尔理工职业学院'),(327,15,'黑龙江煤炭职业技术学院'),(328,16,'绥化学院'),(329,16,'黑龙江农垦科技职业学院'),(330,17,'伊春职业学院'),(331,18,'白城师范学院'),(332,18,'白城医学高等专科学校'),(333,18,'白城职业技术学院'),(334,19,'长白山职业技术学院'),(335,20,'北华大学'),(336,20,'东北电力大学'),(337,20,'吉林化工学院'),(338,20,'吉林农业科技学院'),(339,20,'吉林医药学院'),(340,20,'吉林铁道职业技术学院'),(341,20,'吉林电子信息职业技术学院'),(342,20,'吉林工业职业技术学院'),(343,21,'辽源职业技术学院'),(344,22,'吉林师范大学'),(345,22,'四平职业大学'),(346,22,'吉林农业工程职业技术学院'),(347,23,'松原职业技术学院'),(348,24,'通化师范学院'),(349,25,'延边大学'),(350,25,'延边职业技术学院'),(351,26,'吉林大学'),(352,26,'东北师范大学'),(353,26,'长春理工大学'),(354,26,'长春工业大学'),(355,26,'吉林建筑大学'),(356,26,'吉林农业大学'),(357,26,'长春中医药大学'),(358,26,'长春师范大学'),(359,26,'吉林财经大学'),(360,26,'长春大学'),(361,26,'吉林工程技术师范学院'),(362,26,'吉林体育学院'),(363,26,'吉林艺术学院'),(364,26,'吉林华桥外国语学院'),(365,26,'吉林工商学院'),(366,26,'长春工程学院'),(367,26,'吉林警察学院'),(368,26,'长春光华学院'),(369,26,'长春建筑学院'),(370,26,'长春科技学院'),(371,26,'吉林动画学院'),(372,26,'长春汽车工业高等专科学校'),(373,26,'长春金融高等专科学校'),(374,26,'长春医学高等专科学校'),(375,26,'吉林交通职业技术学院'),(376,26,'吉林科技职业技术学院'),(377,26,'吉林城市职业技术学院'),(378,26,'长春东方职业学院'),(379,26,'吉林司法警官职业学院'),(380,26,'长春职业技术学院'),(381,26,'长春信息技术职业学院'),(382,27,'辽宁科技大学'),(383,27,'鞍山师范学院'),(384,28,'辽宁科技学院'),(385,28,'辽宁冶金职业技术学院'),(386,29,'朝阳师范高等专科学校'),(387,30,'大连理工大学'),(388,30,'大连海事大学'),(389,30,'大连交通大学'),(390,30,'大连工业大学'),(391,30,'大连海洋大学'),(392,30,'大连医科大学'),(393,30,'辽宁师范大学'),(394,30,'大连外国语大学'),(395,30,'东北财经大学'),(396,30,'大连大学'),(397,30,'大连民族学院'),(398,30,'大连科技学院'),(399,30,'大连财经学院'),(400,30,'大连艺术学院'),(401,30,'大连东软信息学院'),(402,30,'辽宁对外经贸学院'),(403,30,'辽宁警官高等专科学校'),(404,30,'辽宁税务高等专科学校'),(405,30,'大连职业技术学院'),(406,30,'大连航运职业技术学院'),(407,30,'大连装备制造职业技术学院'),(408,30,'大连汽车职业技术学院'),(409,30,'辽宁轻工职业学院'),(410,30,'大连商务职业学院'),(411,30,'大连软件职业学院'),(412,30,'大连翻译职业学院'),(413,30,'大连枫叶职业技术学院'),(414,31,'辽东学院'),(415,31,'辽宁地质工程职业学院'),(416,31,'辽宁机电职业技术学院'),(417,32,'辽宁石油化工大学'),(418,32,'抚顺师范高等专科学校'),(419,32,'抚顺职业技术学院'),(420,33,'辽宁工程技术大学'),(421,33,'阜新高等专科学校'),(422,34,'辽宁财贸学院'),(423,34,'渤海船舶职业学院'),(424,35,'辽宁工业大学'),(425,35,'渤海大学'),(426,35,'辽宁医学院'),(427,35,'锦州师范高等专科学校'),(428,35,'辽宁理工职业学院'),(429,35,'辽宁铁道职业技术学院'),(430,35,'辽宁石化职业技术学院'),(431,36,'辽宁轨道交通职业学院'),(432,36,'辽宁建筑职业学院'),(433,36,'辽阳职业技术学院'),(434,37,'盘锦职业技术学院'),(435,37,'辽河石油职业技术学院'),(436,38,'东北大学'),(437,38,'辽宁大学'),(438,38,'沈阳工业大学'),(439,38,'沈阳航空航天大学'),(440,38,'沈阳理工大学'),(441,38,'沈阳化工大学'),(442,38,'沈阳建筑大学'),(443,38,'沈阳农业大学'),(444,38,'中国医科大学'),(445,38,'辽宁中医药大学'),(446,38,'沈阳药科大学'),(447,38,'沈阳师范大学'),(448,38,'沈阳大学'),(449,38,'中国刑事警察学院'),(450,38,'沈阳医学院'),(451,38,'沈阳体育学院'),(452,38,'沈阳音乐学院'),(453,38,'鲁迅美术学院'),(454,38,'沈阳工程学院'),(455,38,'沈阳工学院'),(456,38,'沈阳城市建设学院'),(457,38,'沈阳城市学院'),(458,38,'辽宁何氏医学院'),(459,38,'辽宁交通高等专科学校'),(460,38,'辽宁民族师范高等专科学校'),(461,38,'辽宁现代服务职业技术学院'),(462,38,'辽宁城市建设职业技术学院'),(463,38,'辽宁卫生职业技术学院'),(464,38,'沈阳北软信息职业技术学院'),(465,38,'辽宁政法职业学院'),(466,38,'辽宁水利职业学院'),(467,38,'沈阳航空职业技术学院'),(468,38,'辽宁体育运动职业技术学院'),(469,38,'辽宁林业职业技术学院'),(470,38,'沈阳职业技术学院'),(471,38,'辽宁金融职业学院'),(472,38,'辽宁广告职业学院'),(473,38,'辽宁经济职业技术学院'),(474,38,'辽宁美术职业学院'),(475,38,'辽宁商贸职业学院'),(476,38,'辽宁装备制造职业技术学院'),(477,39,'铁岭师范高等专科学校'),(478,39,'辽宁工程职业学院'),(479,39,'铁岭卫生职业学院'),(480,39,'辽宁职业学院'),(481,40,'营口理工学院'),(482,40,'辽宁农业职业技术学院'),(483,40,'营口职业技术学院'),(484,41,'滨州医学院'),(485,41,'滨州学院'),(486,41,'滨州职业学院'),(487,42,'德州学院'),(488,42,'德州职业技术学院'),(489,42,'德州科技职业学院'),(490,42,'山东华宇职业技术学院'),(491,43,'东营职业学院'),(492,43,'山东大王职业学院'),(493,43,'山东胜利职业学院'),(494,44,'菏泽学院'),(495,44,'菏泽医学专科学校'),(496,44,'菏泽家政职业学院'),(497,44,'菏泽职业学院'),(498,45,'山东大学'),(499,45,'济南大学'),(500,45,'山东建筑大学'),(501,45,'齐鲁工业大学'),(502,45,'山东中医药大学'),(503,45,'山东师范大学'),(504,45,'山东财经大学'),(505,45,'山东体育学院'),(506,45,'山东艺术学院'),(507,45,'山东工艺美术学院'),(508,45,'山东警察学院'),(509,45,'山东交通学院'),(510,45,'山东女子学院'),(511,45,'山东英才学院'),(512,45,'山东协和学院'),(513,45,'齐鲁师范学院'),(514,45,'山东青年政治学院'),(515,45,'山东管理学院'),(516,45,'山东农业工程学院'),(517,45,'山东政法学院'),(518,45,'山东电力高等专科学校'),(519,45,'济南幼儿师范高等专科学校'),(520,45,'山东商业职业技术学院'),(521,45,'山东职业学院'),(522,45,'山东传媒职业学院'),(523,45,'济南护理职业学院'),(524,45,'山东劳动职业技术学院'),(525,45,'山东力明科技职业学院'),(526,45,'山东圣翰财贸职业学院'),(527,45,'山东现代职业学院'),(528,45,'济南职业学院'),(529,45,'山东凯文科技职业学院'),(530,45,'济南工程职业技术学院'),(531,45,'山东电子职业技术学院'),(532,45,'山东旅游职业学院'),(533,45,'山东杏林科技职业学院'),(534,45,'山东外事翻译职业学院'),(535,45,'山东城市建设职业学院'),(536,45,'山东司法警官职业学院'),(537,46,'曲阜师范大学'),(538,46,'济宁医学院'),(539,46,'济宁学院'),(540,46,'山东理工职业学院'),(541,46,'曲阜远东职业技术学院'),(542,46,'济宁职业技术学院'),(543,47,'莱芜职业技术学院'),(544,48,'聊城大学'),(545,48,'聊城职业技术学院'),(546,49,'临沂大学'),(547,49,'山东医学高等专科学校'),(548,49,'临沂职业学院'),(549,50,'中国海洋大学'),(550,50,'山东科技大学'),(551,50,'青岛科技大学'),(552,50,'青岛理工大学'),(553,50,'青岛农业大学'),(554,50,'青岛大学'),(555,50,'青岛滨海学院'),(556,50,'青岛黄海学院'),(557,50,'青岛工学院'),(558,50,'青岛远洋船员职业学院'),(559,50,'青岛职业技术学院'),(560,50,'青岛飞洋职业技术学院'),(561,50,'山东外贸职业学院'),(562,50,'青岛酒店管理职业技术学院'),(563,50,'青岛港湾职业技术学院'),(564,50,'青岛恒星职业技术学院'),(565,50,'青岛求实职业技术学院'),(566,51,'日照职业技术学院'),(567,51,'山东水利职业学院'),(568,51,'山东外国语职业学院'),(569,52,'山东农业大学'),(570,52,'泰山医学院'),(571,52,'泰山学院'),(572,52,'泰山护理职业学院'),(573,52,'山东服装职业学院'),(574,52,'泰山职业技术学院'),(575,53,'威海职业学院'),(576,53,'山东药品食品职业学院'),(577,54,'潍坊医学院'),(578,54,'潍坊学院'),(579,54,'潍坊科技学院'),(580,54,'山东海事职业学院'),(581,54,'潍坊护理职业学院'),(582,54,'潍坊工程职业学院'),(583,54,'潍坊职业学院'),(584,54,'山东科技职业学院'),(585,54,'山东畜牧兽医职业学院'),(586,54,'山东交通职业学院'),(587,54,'山东信息职业技术学院'),(588,54,'山东经贸职业学院'),(589,54,'潍坊工商职业学院'),(590,55,'鲁东大学'),(591,55,'烟台大学'),(592,55,'山东工商学院'),(593,55,'烟台南山学院'),(594,55,'山东中医药高等专科学校'),(595,55,'烟台工程职业技术学院'),(596,55,'山东文化产业职业学院'),(597,55,'烟台职业学院'),(598,55,'山东商务职业学院'),(599,55,'烟台汽车工程职业学院'),(600,56,'枣庄学院'),(601,56,'枣庄职业学院'),(602,56,'枣庄科技职业学院'),(603,57,'山东理工大学'),(604,57,'山东万杰医学院'),(605,57,'淄博师范高等专科学校'),(606,57,'淄博职业学院'),(607,57,'山东工业职业学院'),(608,57,'山东化工职业学院'),(609,57,'山东铝业职业学院'),(610,57,'山东丝绸纺织职业学院'),(611,58,'山西大同大学'),(612,58,'大同煤炭职业技术学院'),(613,59,'晋城职业技术学院'),(614,60,'山西农业大学'),(615,60,'晋中学院'),(616,60,'晋中师范高等专科学校'),(617,60,'山西同文职业技术学院'),(618,60,'晋中职业技术学院'),(619,61,'山西师范大学'),(620,61,'临汾职业技术学院'),(621,61,'山西信息职业技术学院'),(622,61,'山西管理职业学院'),(623,62,'吕梁学院'),(624,63,'朔州师范高等专科学校'),(625,63,'朔州职业技术学院'),(626,64,'山西大学'),(627,64,'太原科技大学'),(628,64,'中北大学'),(629,64,'太原理工大学'),(630,64,'山西医科大学'),(631,64,'山西财经大学'),(632,64,'太原师范学院'),(633,64,'山西中医学院'),(634,64,'太原学院'),(635,64,'山西工商学院'),(636,64,'太原工业学院'),(637,64,'山西传媒学院'),(638,64,'太原电力高等专科学校'),(639,64,'山西省财政税务专科学校'),(640,64,'山西警官高等专科学校'),(641,64,'山西药科职业学院'),(642,64,'山西职业技术学院'),(643,64,'山西老区职业技术学院'),(644,64,'山西经贸职业学院'),(645,64,'山西轻工职业技术学院'),(646,64,'山西青年职业学院'),(647,64,'山西艺术职业学院'),(648,64,'山西建筑职业技术学院'),(649,64,'山西工程职业技术学院'),(650,64,'山西交通职业技术学院'),(651,64,'山西兴华职业学院'),(652,64,'山西戏剧职业学院'),(653,64,'山西财贸职业技术学院'),(654,64,'山西林业职业技术学院'),(655,64,'山西煤炭职业技术学院'),(656,64,'山西金融职业学院'),(657,64,'太原城市职业技术学院'),(658,64,'山西体育职业学院'),(659,64,'山西警官职业学院'),(660,64,'山西国际商务职业学院'),(661,64,'太原旅游职业学院'),(662,64,'山西旅游职业学院'),(663,64,'山西电力职业技术学院'),(664,64,'山西华澳商贸职业学院'),(665,65,'忻州师范学院'),(666,65,'忻州职业技术学院'),(667,66,'阳泉师范高等专科学校'),(668,66,'阳泉职业技术学院'),(669,67,'运城学院'),(670,67,'运城师范高等专科学校'),(671,67,'运城幼儿师范高等专科学校'),(672,67,'运城职业技术学院'),(673,67,'运城护理职业学院'),(674,67,'山西水利职业技术学院'),(675,67,'山西运城农业职业技术学院'),(676,68,'长治医学院'),(677,68,'长治学院'),(678,68,'长治职业技术学院'),(679,68,'山西机电职业技术学院'),(680,68,'潞安职业技术学院'),(681,69,'安康学院'),(682,69,'安康职业技术学院'),(683,70,'宝鸡文理学院'),(684,70,'宝鸡职业技术学院'),(685,71,'陕西理工学院'),(686,71,'陕西航空职业技术学院'),(687,71,'汉中职业技术学院'),(688,72,'商洛学院'),(689,72,'商洛职业技术学院'),(690,73,'铜川职业技术学院'),(691,74,'渭南师范学院'),(692,74,'陕西铁路工程职业技术学院'),(693,74,'渭南职业技术学院'),(694,75,'西安交通大学'),(695,75,'西安电子科技大学'),(696,75,'长安大学'),(697,75,'陕西师范大学'),(698,75,'西北工业大学'),(699,75,'西北大学'),(700,75,'西安理工大学'),(701,75,'西安工业大学'),(702,75,'西安建筑科技大学'),(703,75,'西安科技大学'),(704,75,'西安石油大学'),(705,75,'陕西科技大学'),(706,75,'西安工程大学'),(707,75,'西安外国语大学'),(708,75,'西北政法大学'),(709,75,'西安邮电大学'),(710,75,'西安体育学院'),(711,75,'西安音乐学院'),(712,75,'西安美术学院'),(713,75,'西安文理学院'),(714,75,'西安培华学院'),(715,75,'西安财经学院'),(716,75,'西安航空学院'),(717,75,'西安医学院'),(718,75,'西安思源学院'),(719,75,'陕西学前师范学院'),(720,75,'西安欧亚学院'),(721,75,'西安外事学院'),(722,75,'西安翻译学院'),(723,75,'西京学院'),(724,75,'西安电力高等专科学校'),(725,75,'西安医学高等专科学校'),(726,75,'西安城市建设职业学院'),(727,75,'陕西工商职业学院'),(728,75,'陕西艺术职业学院'),(729,75,'陕西国防工业职业技术学院'),(730,75,'西安航空职业技术学院'),(731,75,'陕西交通职业技术学院'),(732,75,'陕西职业技术学院'),(733,75,'西安高新科技职业学院'),(734,75,'西安科技商贸职业学院'),(735,75,'陕西电子信息职业技术学院'),(736,75,'西安海棠职业学院'),(737,75,'西安汽车科技职业学院'),(738,75,'西安东方亚太职业技术学院'),(739,75,'陕西警官职业学院'),(740,75,'陕西经济管理职业技术学院'),(741,75,'西安铁路职业技术学院'),(742,75,'西安职业技术学院'),(743,75,'陕西青年职业学院'),(744,75,'陕西电子科技职业学院'),(745,76,'西北农林科技大学'),(746,76,'陕西中医学院'),(747,76,'咸阳师范学院'),(748,76,'陕西国际商贸学院'),(749,76,'陕西服装工程学院'),(750,76,'陕西工业职业技术学院'),(751,76,'杨凌职业技术学院'),(752,76,'陕西能源职业技术学院'),(753,76,'陕西财经职业技术学院'),(754,76,'陕西邮电职业技术学院'),(755,76,'咸阳职业技术学院'),(756,76,'陕西旅游烹饪职业学院'),(757,77,'延安大学'),(758,77,'延安职业技术学院'),(759,78,'榆林学院'),(760,78,'榆林职业技术学院'),(761,79,'河北大学'),(762,79,'河北农业大学'),(763,79,'中央司法警官学院'),(764,79,'保定学院'),(765,79,'河北金融学院'),(766,79,'河北科技学院'),(767,79,'保定幼儿师范高等专科学校'),(768,79,'冀中职业学院'),(769,79,'河北工艺美术职业学院'),(770,79,'河北软件职业技术学院'),(771,79,'保定职业技术学院'),(772,79,'保定电力职业技术学院'),(773,79,'保山学院'),(774,79,'保山中医药高等专科学校'),(775,80,'沧州师范学院'),(776,80,'河北工程技术高等专科学校'),(777,80,'沧州医学高等专科学校'),(778,80,'泊头职业学院'),(779,80,'渤海理工职业学院'),(780,80,'沧州职业技术学院'),(781,80,'渤海石油职业学院'),(782,81,'承德医学院'),(783,81,'河北民族师范学院'),(784,81,'承德石油高等专科学校'),(785,81,'河北旅游职业学院'),(786,81,'承德护理职业学院'),(787,82,'河北工程大学'),(788,82,'邯郸学院'),(789,82,'邯郸职业技术学院'),(790,82,'河北司法警官职业学院'),(791,83,'衡水学院'),(792,83,'衡水职业技术学院'),(793,84,'中国人民武装警察部队学院'),(794,84,'廊坊师范学院'),(795,84,'北华航天工业学院'),(796,84,'廊坊东方职业技术学院'),(797,84,'廊坊燕京职业技术学院'),(798,84,'廊坊卫生职业学院'),(799,84,'河北石油职业技术学院'),(800,84,'廊坊职业技术学院'),(801,85,'燕山大学'),(802,85,'河北科技师范学院'),(803,85,'河北外国语职业学院'),(804,85,'河北建材职业技术学院'),(805,85,'秦皇岛职业技术学院'),(806,86,'防灾科技学院'),(807,86,'华北科技学院'),(808,86,'燕京理工学院'),(809,87,'河北科技大学'),(810,87,'河北医科大学'),(811,87,'河北师范大学'),(812,87,'石家庄铁道大学'),(813,87,'河北经贸大学'),(814,87,'石家庄经济学院'),(815,87,'石家庄学院'),(816,87,'河北体育学院'),(817,87,'河北美术学院'),(818,87,'河北外国语学院'),(819,87,'河北中医学院'),(820,87,'河北传媒学院'),(821,87,'石家庄人民医学高等专科学校'),(822,87,'石家庄幼儿师范高等专科学校'),(823,87,'石家庄医学高等专科学校'),(824,87,'河北工业职业技术学院'),(825,87,'石家庄职业技术学院'),(826,87,'石家庄工程职业学院'),(827,87,'石家庄城市经济职业学院'),(828,87,'石家庄城市职业学院'),(829,87,'石家庄财经职业学院'),(830,87,'石家庄邮电职业技术学院'),(831,87,'石家庄理工职业学院'),(832,87,'石家庄经济职业学院'),(833,87,'石家庄科技工程职业学院'),(834,87,'河北劳动关系职业学院'),(835,87,'石家庄科技职业学院'),(836,87,'河北轨道运输职业技术学院'),(837,87,'河北政法职业学院'),(838,87,'石家庄铁路职业技术学院'),(839,87,'河北省艺术职业学院'),(840,87,'河北交通职业技术学院'),(841,87,'河北化工医药职业技术学院'),(842,87,'石家庄信息工程职业学院'),(843,87,'河北公安警察职业学院'),(844,87,'石家庄工商职业学院'),(845,87,'石家庄科技信息职业学院'),(846,87,'河北女子职业技术学院'),(847,87,'宁夏理工学院'),(848,88,'河北联合大学'),(849,88,'唐山师范学院'),(850,88,'唐山学院'),(851,88,'河北能源职业技术学院'),(852,88,'唐山职业技术学院'),(853,88,'唐山工业职业技术学院'),(854,88,'唐山科技职业技术学院'),(855,90,'邢台学院'),(856,90,'邢台医学高等专科学校'),(857,90,'邢台职业技术学院'),(858,90,'河北机电职业技术学院'),(859,91,'河北建筑工程学院'),(860,91,'河北北方学院'),(861,91,'张家口学院'),(862,91,'张家口职业技术学院'),(863,91,'宣化科技职业学院'),(864,92,'安阳师范学院'),(865,92,'安阳工学院'),(866,92,'安阳幼儿师范高等专科学校'),(867,92,'安阳职业技术学院'),(868,92,'河南护理职业学院'),(869,93,'鹤壁汽车工程职业学院'),(870,93,'鹤壁职业技术学院'),(871,94,'济源职业技术学院'),(872,95,'河南理工大学'),(873,95,'焦作师范高等专科学校'),(874,95,'焦作大学'),(875,95,'河南工业和信息化职业学院'),(876,95,'焦作工贸职业学院'),(877,96,'河南大学'),(878,96,'开封大学'),(879,96,'黄河水利职业技术学院'),(880,96,'开封文化艺术职业学院'),(881,97,'河南科技大学'),(882,97,'洛阳师范学院'),(883,97,'洛阳理工学院'),(884,97,'河南林业职业学院'),(885,97,'河南推拿职业学院'),(886,97,'洛阳职业技术学院'),(887,97,'洛阳科技职业学院'),(888,98,'漯河医学高等专科学校'),(889,98,'漯河职业技术学院'),(890,98,'漯河食品职业学院'),(891,99,'南阳师范学院'),(892,99,'南阳理工学院'),(893,99,'南阳医学高等专科学校'),(894,99,'南阳职业学院'),(895,99,'南阳农业职业学院'),(896,99,'河南工业职业技术学院'),(897,100,'平顶山学院'),(898,100,'河南城建学院'),(899,100,'平顶山工业职业技术学院'),(900,100,'河南质量工程职业学院'),(901,101,'濮阳职业技术学院'),(902,102,'三门峡职业技术学院'),(903,103,'商丘师范学院'),(904,103,'商丘工学院'),(905,103,'商丘学院'),(906,103,'商丘医学高等专科学校'),(907,103,'商丘职业技术学院'),(908,103,'永城职业学院'),(909,104,'河南师范大学'),(910,104,'河南科技学院'),(911,104,'新乡医学院'),(912,104,'新乡学院'),(913,104,'河南机电高等专科学校'),(914,104,'新乡职业技术学院'),(915,104,'长垣烹饪职业技术学院'),(916,105,'信阳师范学院'),(917,105,'信阳农林学院'),(918,105,'信阳涉外职业技术学院'),(919,105,'信阳职业技术学院'),(920,106,'许昌学院'),(921,106,'许昌陶瓷职业学院'),(922,106,'许昌电气职业学院'),(923,106,'许昌职业技术学院'),(924,107,'华北水利水电大学'),(925,107,'郑州大学'),(926,107,'河南工业大学'),(927,107,'河南农业大学'),(928,107,'河南财经政法大学'),(929,107,'铁道警察学院'),(930,107,'郑州轻工业学院'),(931,107,'中原工学院'),(932,107,'河南牧业经济学院'),(933,107,'河南中医学院'),(934,107,'郑州航空工业管理学院'),(935,107,'河南工程学院'),(936,107,'河南警察学院'),(937,107,'黄河科技学院'),(938,107,'郑州科技学院'),(939,107,'郑州华信学院'),(940,107,'郑州师范学院'),(941,107,'郑州成功财经学院'),(942,107,'郑州升达经贸管理学院'),(943,107,'河南财政税务高等专科学校'),(944,107,'郑州电力高等专科学校'),(945,107,'郑州幼儿师范高等专科学校'),(946,107,'河南医学高等专科学校'),(947,107,'郑州澍青医学高等专科学校'),(948,107,'河南职业技术学院'),(949,107,'郑州铁路职业技术学院'),(950,107,'中州大学'),(951,107,'河南水利与环境职业学院'),(952,107,'河南信息统计职业学院'),(953,107,'郑州电力职业技术学院'),(954,107,'河南建筑职业技术学院'),(955,107,'郑州城市职业学院'),(956,107,'郑州理工职业学院'),(957,107,'郑州信息工程职业学院'),(958,107,'河南化工职业学院'),(959,107,'河南艺术职业学院'),(960,107,'河南机电职业学院'),(961,107,'郑州商贸旅游职业学院'),(962,107,'郑州黄河护理职业学院'),(963,107,'郑州财税金融职业学院'),(964,107,'河南司法警官职业学院'),(965,107,'郑州经贸职业学院'),(966,107,'郑州交通职业学院'),(967,107,'河南检察职业学院'),(968,107,'郑州信息科技职业学院'),(969,107,'郑州电子信息职业技术学院'),(970,107,'嵩山少林武术职业学院'),(971,107,'郑州工业安全职业学院'),(972,107,'河南经贸职业学院'),(973,107,'河南交通职业技术学院'),(974,107,'河南农业职业学院'),(975,107,'郑州旅游职业学院'),(976,107,'郑州职业技术学院'),(977,107,'河南工业贸易职业学院'),(978,108,'周口师范学院'),(979,108,'周口科技职业学院'),(980,108,'周口职业技术学院'),(981,109,'黄淮学院'),(982,109,'驻马店职业技术学院'),(983,110,'鄂州职业大学'),(984,110,'鄂东职业技术学院'),(985,111,'湖北民族学院'),(986,111,'恩施职业技术学院'),(987,112,'黄冈师范学院'),(988,112,'黄冈职业技术学院'),(989,112,'黄冈科技职业学院'),(990,113,'湖北师范学院'),(991,113,'湖北理工学院'),(992,113,'黄石职业技术学院'),(993,114,'荆楚理工学院'),(994,114,'长江大学'),(995,114,'湖北中医药高等专科学校'),(996,114,'荆州理工职业学院'),(997,114,'荆州职业技术学院'),(998,114,'湖北国土资源职业学院'),(999,116,'江汉艺术职业学院'),(1000,117,'湖北汽车工业学院'),(1001,117,'湖北医药学院'),(1002,117,'郧阳师范高等专科学校'),(1003,117,'湖北工业职业技术学院'),(1004,118,'随州职业技术学院'),(1005,119,'天门职业学院'),(1006,120,'武汉大学'),(1007,120,'华中科技大学'),(1008,120,'中国地质大学'),(1009,120,'武汉理工大学'),(1010,120,'华中农业大学'),(1011,120,'华中师范大学'),(1012,120,'中南财经政法大学'),(1013,120,'中南民族大学'),(1014,120,'武汉科技大学'),(1015,120,'武汉工程大学'),(1016,120,'武汉纺织大学'),(1017,120,'武汉轻工大学'),(1018,120,'湖北工业大学'),(1019,120,'湖北中医药大学'),(1020,120,'湖北大学'),(1021,120,'江汉大学'),(1022,120,'武汉体育学院'),(1023,120,'湖北美术学院'),(1024,120,'湖北警官学院'),(1025,120,'武汉音乐学院'),(1026,120,'湖北经济学院'),(1027,120,'武汉商学院'),(1028,120,'武汉东湖学院'),(1029,120,'汉口学院'),(1030,120,'武昌理工学院'),(1031,120,'武昌工学院'),(1032,120,'武汉长江工商学院'),(1033,120,'湖北第二师范学院'),(1034,120,'武汉生物工程学院'),(1035,120,'湖北幼儿师范高等专科学校'),(1036,120,'武汉职业技术学院'),(1037,120,'长江职业学院'),(1038,120,'武汉城市职业学院'),(1039,120,'武汉船舶职业技术学院'),(1040,120,'武汉工程职业技术学院'),(1041,120,'武昌职业学院'),(1042,120,'湖北科技职业学院'),(1043,120,'湖北青年职业学院'),(1044,120,'湖北体育职业学院'),(1045,120,'武汉工贸职业学院'),(1046,120,'湖北轻工职业技术学院'),(1047,120,'湖北交通职业技术学院'),(1048,120,'武汉航海职业技术学院'),(1049,120,'武汉铁路职业技术学院'),(1050,120,'武汉软件工程职业学院'),(1051,120,'武汉电力职业技术学院'),(1052,120,'湖北水利水电职业技术学院'),(1053,120,'湖北城市建设职业技术学院'),(1054,120,'武汉警官职业学院'),(1055,120,'湖北生物科技职业学院'),(1056,120,'湖北开放职业学院'),(1057,120,'武汉科技职业学院'),(1058,120,'武汉外语外事职业学院'),(1059,120,'武汉信息传播职业技术学院'),(1060,120,'武汉商贸职业学院'),(1061,120,'湖北艺术职业学院'),(1062,120,'武汉交通职业学院'),(1063,120,'长江工程职业技术学院'),(1064,120,'武汉工业职业技术学院'),(1065,120,'武汉民政职业学院'),(1066,120,'湖北财税职业学院'),(1067,120,'湖北生态工程职业技术学院'),(1068,121,'仙桃职业学院'),(1069,122,'湖北科技学院'),(1070,122,'咸宁职业技术学院'),(1071,123,'湖北文理学院'),(1072,123,'襄阳职业技术学院'),(1073,123,'襄阳汽车职业技术学院'),(1074,124,'湖北工程学院'),(1075,124,'湖北职业技术学院'),(1076,125,'三峡大学'),(1077,125,'三峡电力职业学院'),(1078,125,'三峡旅游职业技术学院'),(1079,125,'湖北三峡职业技术学院'),(1080,126,'湖南文理学院'),(1081,126,'湖南幼儿师范高等专科学校'),(1082,126,'湖南高尔夫旅游职业学院'),(1083,126,'常德职业技术学院'),(1084,126,'湖南同德职业学院'),(1085,127,'湘南学院'),(1086,127,'郴州职业技术学院'),(1087,128,'南华大学'),(1088,128,'衡阳师范学院'),(1089,128,'长沙医学院'),(1090,128,'湖南工学院'),(1091,128,'湖南环境生物职业技术学院'),(1092,128,'湖南高速铁路职业技术学院'),(1093,128,'湖南工商职业学院'),(1094,128,'衡阳财经工业职业技术学院'),(1095,128,'湖南科技经贸职业学院'),(1096,129,'怀化学院'),(1097,129,'怀化医学高等专科学校'),(1098,129,'怀化职业技术学院'),(1099,130,'吉首大学'),(1100,130,'湘西民族职业技术学院'),(1101,131,'湖南人文科技学院'),(1102,131,'娄底职业技术学院'),(1103,131,'潇湘职业学院'),(1104,132,'邵阳学院'),(1105,132,'邵阳医学高等专科学校'),(1106,132,'邵阳职业技术学院'),(1107,133,'湘潭大学'),(1108,133,'湖南科技大学'),(1109,133,'湖南工程学院'),(1110,133,'湖南电气职业技术学院'),(1111,133,'湖南电子科技职业学院'),(1112,133,'湖南科技工业职业技术学院'),(1113,133,'湖南吉利汽车职业技术学院'),(1114,133,'湘潭职业技术学院'),(1115,133,'湖南城建职业技术学院'),(1116,133,'湖南理工职业技术学院'),(1117,133,'湖南软件职业学院'),(1118,134,'湖南城市学院'),(1119,134,'益阳医学高等专科学校'),(1120,134,'益阳职业技术学院'),(1121,134,'湖南工艺美术职业学院'),(1122,135,'湖南科技学院'),(1123,135,'永州职业技术学院'),(1124,135,'湖南九嶷职业技术学院'),(1125,136,'湖南理工学院'),(1126,136,'岳阳职业技术学院'),(1127,136,'湖南石油化工职业技术学院'),(1128,136,'湖南民族职业学院'),(1129,137,'张家界航空工业职业技术学院'),(1130,138,'湖南大学'),(1131,138,'中南大学'),(1132,138,'长沙理工大学'),(1133,138,'湖南农业大学'),(1134,138,'湖南中医药大学'),(1135,138,'湖南师范大学'),(1136,138,'湖南商学院'),(1137,138,'长沙学院'),(1138,138,'湖南财政经济学院'),(1139,138,'湖南警察学院'),(1140,138,'湖南女子学院'),(1141,138,'湖南第一师范学院'),(1142,138,'长沙师范学院'),(1143,138,'湖南涉外经济学院'),(1144,138,'湖南税务高等专科学校'),(1145,138,'长沙航空职业技术学院'),(1146,138,'长沙民政职业技术学院'),(1147,138,'湖南工业职业技术学院'),(1148,138,'湖南信息职业技术学院'),(1149,138,'湖南生物机电职业技术学院'),(1150,138,'湖南外贸职业学院'),(1151,138,'湖南邮电职业技术学院'),(1152,138,'湖南外国语职业学院'),(1153,138,'湖南都市职业学院'),(1154,138,'湖南三一工业职业技术学院'),(1155,138,'长沙卫生职业学院'),(1156,138,'湖南食品药品职业学院'),(1157,138,'湖南大众传媒职业技术学院'),(1158,138,'湖南科技职业学院'),(1159,138,'湖南交通职业技术学院'),(1160,138,'湖南商务职业技术学院'),(1161,138,'湖南体育职业学院'),(1162,138,'湖南工程职业技术学院'),(1163,138,'保险职业学院'),(1164,138,'湖南网络工程职业学院'),(1165,138,'湖南司法警官职业学院'),(1166,138,'长沙商贸旅游职业技术学院'),(1167,138,'长沙环境保护职业技术学院'),(1168,138,'湖南艺术职业学院'),(1169,138,'湖南机电职业技术学院'),(1170,138,'长沙职业技术学院'),(1171,138,'长沙南方职业学院'),(1172,138,'湖南信息科学职业学院'),(1173,138,'长沙电力职业技术学院'),(1174,138,'湖南水利水电职业技术学院'),(1175,138,'湖南现代物流职业技术学院'),(1176,138,'湖南安全技术职业学院'),(1177,139,'湖南工业大学'),(1178,139,'中南林业科技大学'),(1179,139,'株洲师范高等专科学校'),(1180,139,'湖南中医药高等专科学校'),(1181,139,'湖南冶金职业技术学院'),(1182,139,'湖南有色金属职业技术学院'),(1183,139,'湖南铁道职业技术学院'),(1184,139,'湖南化工职业技术学院'),(1185,139,'株洲职业技术学院'),(1186,139,'湖南铁路科技职业技术学院'),(1187,140,'海南大学'),(1188,140,'海南师范大学'),(1189,140,'海南医学院'),(1190,140,'海口经济学院'),(1191,140,'琼台师范高等专科学校'),(1192,140,'海南工商职业学院'),(1193,140,'海南科技职业学院'),(1194,140,'海南职业技术学院'),(1195,140,'海南政法职业学院'),(1196,140,'海南经贸职业技术学院'),(1197,141,'海南软件职业技术学院'),(1198,142,'三亚学院'),(1199,142,'三亚理工职业学院'),(1200,142,'三亚城市职业学院'),(1201,142,'三亚航空旅游职业学院'),(1202,143,'海南外国语职业学院'),(1203,144,'琼州学院'),(1204,145,'常州大学'),(1205,145,'常州工学院'),(1206,145,'江苏理工学院'),(1207,145,'常州信息职业技术学院'),(1208,145,'常州纺织服装职业技术学院'),(1209,145,'常州轻工职业技术学院'),(1210,145,'常州工程职业技术学院'),(1211,145,'建东职业技术学院'),(1212,145,'常州机电职业技术学院'),(1213,146,'淮阴师范学院'),(1214,146,'淮阴工学院'),(1215,146,'江苏食品药品职业技术学院'),(1216,146,'淮安信息职业技术学院'),(1217,146,'江苏财经职业技术学院'),(1218,147,'淮海工学院'),(1219,147,'连云港师范高等专科学校'),(1220,147,'连云港职业技术学院'),(1221,148,'南京大学'),(1222,148,'东南大学'),(1223,148,'河海大学'),(1224,148,'南京农业大学'),(1225,148,'中国药科大学'),(1226,148,'南京航空航天大学'),(1227,148,'南京理工大学'),(1228,148,'南京工业大学'),(1229,148,'南京邮电大学'),(1230,148,'南京林业大学'),(1231,148,'南京医科大学'),(1232,148,'南京中医药大学'),(1233,148,'南京师范大学'),(1234,148,'南京财经大学'),(1235,148,'南京森林警察学院'),(1236,148,'南京信息工程大学'),(1237,148,'江苏警官学院'),(1238,148,'南京体育学院'),(1239,148,'南京艺术学院'),(1240,148,'金陵科技学院'),(1241,148,'三江学院'),(1242,148,'南京工程学院'),(1243,148,'南京审计学院'),(1244,148,'南京晓庄学院'),(1245,148,'江苏第二师范学院'),(1246,148,'江苏城市职业学院'),(1247,148,'南京工业职业技术学院'),(1248,148,'南京城市职业学院'),(1249,148,'南京机电职业技术学院'),(1250,148,'南京旅游职业学院'),(1251,148,'江苏建康职业学院'),(1252,148,'江苏经贸职业技术学院'),(1253,148,'南京特殊教育职业技术学院'),(1254,148,'江苏联合职业技术学院'),(1255,148,'江苏海事职业技术学院'),(1256,148,'应天职业技术学院'),(1257,148,'南京交通职业技术学院'),(1258,148,'南京化工职业技术学院'),(1259,148,'正德职业技术学院'),(1260,148,'钟山职业技术学院'),(1261,148,'金肯职业技术学院'),(1262,148,'南京铁道职业技术学院'),(1263,148,'南京信息职业技术学院'),(1264,148,'南京视觉艺术职业学院'),(1265,149,'南通大学'),(1266,149,'南通纺织职业技术学院'),(1267,149,'南通职业大学'),(1268,149,'江苏商贸职业学院'),(1269,149,'紫琅职业技术学院'),(1270,149,'南通农业职业技术学院'),(1271,149,'南通航运职业技术学院'),(1272,150,'苏州大学'),(1273,150,'西交利物浦大学'),(1274,150,'苏州科技学院'),(1275,150,'常熟理工学院'),(1276,150,'苏州工艺美术职业技术学院'),(1277,150,'苏州职业大学'),(1278,150,'沙洲职业工学院'),(1279,150,'苏州卫生职业技术学院'),(1280,150,'苏州高博软件技术职业学院'),(1281,150,'苏州信息职业技术学院'),(1282,150,'苏州工业园区服务外包职业学院'),(1283,150,'硅湖职业技术学院'),(1284,150,'苏州经贸职业技术学院'),(1285,150,'苏州工业职业技术学院'),(1286,150,'苏州托普信息职业技术学院'),(1287,150,'苏州农业职业技术学院'),(1288,150,'苏州工业园区职业技术学院'),(1289,150,'健雄职业技术学院'),(1290,150,'苏州港大思培科技职业学院'),(1291,150,'昆山登云科技职业学院'),(1292,151,'泰州学院'),(1293,151,'泰州职业技术学院'),(1294,151,'江苏农牧科技职业学院'),(1295,152,'江南大学'),(1296,152,'无锡太湖学院'),(1297,152,'无锡职业技术学院'),(1298,152,'无锡科技职业学院'),(1299,152,'无锡商业职业技术学院'),(1300,152,'太湖创意职业技术学院'),(1301,152,'无锡南洋职业技术学院'),(1302,152,'江南影视艺术职业学院'),(1303,152,'江苏信息职业技术学院'),(1304,152,'江阴职业技术学院'),(1305,152,'无锡城市职业技术学院'),(1306,152,'无锡工艺职业技术学院'),(1307,153,'宿迁泽达职业技术学院'),(1308,153,'宿迁职业技术学院'),(1309,154,'中国矿业大学'),(1310,154,'江苏师范大学'),(1311,154,'徐州医学院'),(1312,154,'徐州工程学院'),(1313,154,'徐州幼儿师范高等专科学校'),(1314,154,'江苏建筑职业技术学院'),(1315,154,'徐州生物工程职业技术学院'),(1316,154,'九州职业技术学院'),(1317,154,'徐州工业职业技术学院'),(1318,155,'盐城工学院'),(1319,155,'盐城师范学院'),(1320,155,'民办明达职业技术学院'),(1321,155,'盐城卫生职业技术学院'),(1322,155,'盐城工业职业技术学院'),(1323,155,'炎黄职业技术学院'),(1324,156,'扬州大学'),(1325,156,'扬州市职业大学'),(1326,156,'扬州环境资源职业技术学院'),(1327,156,'江海职业技术学院'),(1328,156,'扬州工业职业技术学院'),(1329,157,'江苏科技大学'),(1330,157,'江苏大学'),(1331,157,'镇江市高等专科学校'),(1332,157,'江苏农林职业技术学院'),(1333,157,'金山职业技术学院'),(1334,158,'东华理工大学'),(1335,158,'江西中医药高等专科学校'),(1336,158,'抚州职业技术学院'),(1337,159,'江西理工大学'),(1338,159,'赣南医学院'),(1339,159,'赣南师范学院'),(1340,159,'赣州师范高等专科学校'),(1341,159,'江西环境工程职业学院'),(1342,159,'江西应用技术职业学院'),(1343,160,'井冈山大学'),(1344,161,'景德镇陶瓷学院'),(1345,161,'景德镇学院'),(1346,161,'景德镇陶瓷职业技术学院'),(1347,161,'江西陶瓷工艺美术职业技术学院'),(1348,162,'九江学院'),(1349,162,'九江职业大学'),(1350,162,'九江职业技术学院'),(1351,162,'江西枫林涉外经贸职业学院'),(1352,162,'共青科技职业学院'),(1353,162,'江西财经职业学院'),(1354,163,'南昌大学'),(1355,163,'华东交通大学'),(1356,163,'南昌航空大学'),(1357,163,'江西农业大学'),(1358,163,'江西中医药大学'),(1359,163,'江西师范大学'),(1360,163,'江西财经大学'),(1361,163,'江西科技师范大学'),(1362,163,'江西科技学院'),(1363,163,'南昌工程学院'),(1364,163,'江西警察学院'),(1365,163,'江西服装学院'),(1366,163,'南昌工学院'),(1367,163,'南昌师范学院'),(1368,163,'南昌理工学院'),(1369,163,'南昌师范高等专科学校'),(1370,163,'江西工业职业技术学院'),(1371,163,'南昌职业学院'),(1372,163,'江西泰豪动漫职业学院'),(1373,163,'江西管理职业学院'),(1374,163,'江西新闻出版职业技术学院'),(1375,163,'江西工商职业技术学院'),(1376,163,'江西水利职业学院'),(1377,163,'江西司法警官职业学院'),(1378,163,'江西旅游商贸职业学院'),(1379,163,'江西电力职业技术学院'),(1380,163,'江西艺术职业学院'),(1381,163,'江西城市职业学院'),(1382,163,'江西信息应用职业技术学院'),(1383,163,'江西交通职业技术学院'),(1384,163,'江西现代职业技术学院'),(1385,163,'江西机电职业技术学院'),(1386,163,'江西科技职业学院'),(1387,163,'江西外语外贸职业学院'),(1388,163,'江西工业贸易职业技术学院'),(1389,163,'江西生物科技职业学院'),(1390,163,'江西建设职业技术学院'),(1391,163,'江西先锋软件职业技术学院'),(1392,163,'江西经济管理职业学院'),(1393,163,'江西制造职业技术学院'),(1394,163,'江西工程职业学院'),(1395,163,'江西青年职业学院'),(1396,163,'江西航空职业技术学院'),(1397,163,'江西护理职业技术学院'),(1398,164,'萍乡学院'),(1399,164,'江西工业工程职业技术学院'),(1400,164,'江西应用工程职业学院'),(1401,165,'上饶师范学院'),(1402,165,'江西医学高等专科学校'),(1403,165,'上饶职业技术学院'),(1404,166,'新余学院'),(1405,166,'江西太阳能科技职业学院'),(1406,166,'江西冶金职业技术学院'),(1407,166,'江西渝州科技职业学院'),(1408,166,'赣西科技职业学院'),(1409,167,'宜春学院'),(1410,167,'宜春职业技术学院'),(1411,167,'江西农业工程职业学院'),(1412,168,'鹰潭职业技术学院'),(1413,169,'韩山师范学院'),(1414,170,'东莞理工学院'),(1415,170,'广东科技学院'),(1416,170,'东莞职业技术学院'),(1417,170,'广东创新科技职业学院'),(1418,170,'广东亚视演艺职业学院'),(1419,171,'佛山科学技术学院'),(1420,171,'顺德职业技术学院'),(1421,171,'南海东软信息技术职业学院'),(1422,171,'广东职业技术学院'),(1423,171,'广东环境保护工程职业学院'),(1424,171,'佛山职业技术学院'),(1425,172,'中山大学'),(1426,172,'华南理工大学'),(1427,172,'暨南大学'),(1428,172,'华南农业大学'),(1429,172,'广州医科大学'),(1430,172,'广州中医药大学'),(1431,172,'华南师范大学'),(1432,172,'广州大学'),(1433,172,'广东工业大学'),(1434,172,'广东外语外贸大学'),(1435,172,'北京师范大学-香港浸会大学\n联合国际学院'),(1436,172,'南方医科大学'),(1437,172,'广东财经大学'),(1438,172,'广东药学院'),(1439,172,'广州体育学院'),(1440,172,'广州美术学院'),(1441,172,'星海音乐学院'),(1442,172,'广东技术师范学院'),(1443,172,'广东白云学院'),(1444,172,'广州航海学院'),(1445,172,'广东警官学院'),(1446,172,'仲恺农业工程学院'),(1447,172,'广东金融学院'),(1448,172,'广东培正学院'),(1449,172,'广东第二师范学院'),(1450,172,'民办南华工商学院'),(1451,172,'私立华联学院'),(1452,172,'广州民航职业技术学院'),(1453,172,'广东轻工职业技术学院'),(1454,172,'广东交通职业技术学院'),(1455,172,'广东水利电力职业技术学院'),(1456,172,'广州番禺职业技术学院'),(1457,172,'广东科贸职业学院'),(1458,172,'广州科技贸易职业学院'),(1459,172,'广州珠江职业技术学院'),(1460,172,'广州松田职业学院'),(1461,172,'广州城建职业学院'),(1462,172,'广州华商职业学院'),(1463,172,'广州华夏职业学院'),(1464,172,'广东青年职业学院'),(1465,172,'广州东华职业学院'),(1466,172,'广东舞蹈戏剧职业学院'),(1467,172,'广东财经职业学院'),(1468,172,'广东农工商职业技术学院'),(1469,172,'广东科学技术职业学院'),(1470,172,'广东食品药品职业学院'),(1471,172,'广州康大职业技术学院'),(1472,172,'广东行政职业学院'),(1473,172,'广东体育职业技术学院'),(1474,172,'广东建设职业技术学院'),(1475,172,'广东女子职业技术学院'),(1476,172,'广东机电职业技术学院'),(1477,172,'广东岭南职业技术学院'),(1478,172,'广东邮电职业技术学院'),(1479,172,'广东工贸职业技术学院'),(1480,172,'广东司法警官职业学院'),(1481,172,'广东省外语艺术职业学院'),(1482,172,'广东文艺职业学院'),(1483,172,'广州体育职业技术学院'),(1484,172,'广州工程技术职业学院'),(1485,172,'广州工商职业技术学院'),(1486,172,'广州涉外经济职业技术学院'),(1487,172,'广州南洋理工职业学院'),(1488,172,'广州科技职业技术学院'),(1489,172,'广州现代信息工程职业技术学院'),(1490,172,'广东理工职业学院'),(1491,172,'广州华南商贸职业学院'),(1492,172,'广州华立科技职业学院'),(1493,172,'广州城市职业学院'),(1494,172,'广东工程职业技术学院'),(1495,172,'广州铁路职业技术学院'),(1496,172,'广东白云学院'),(1497,172,'广东培正学院'),(1498,172,'民办南华工商学院'),(1499,172,'私立华联学院'),(1500,172,'广州康大职业技术学院'),(1501,172,'广东岭南职业技术学院'),(1502,172,'广州工商职业技术学院'),(1503,172,'广州涉外经济职业技术学院'),(1504,172,'广州南洋理工职业学院'),(1505,172,'广州科技职业技术学院'),(1506,172,'广州现代信息工程职业技术学院'),(1507,172,'广州华南商贸职业学院'),(1508,172,'广州华立科技职业学院'),(1509,172,'广州珠江职业技术学院'),(1510,172,'广州松田职业学院'),(1511,172,'广州城建职业学院'),(1512,172,'广州华商职业学院'),(1513,172,'广州华夏职业学院'),(1514,172,'广州东华职业学院'),(1515,173,'河源职业技术学院'),(1516,174,'惠州学院'),(1517,174,'惠州卫生职业技术学院'),(1518,174,'惠州经济职业技术学院'),(1519,175,'五邑大学'),(1520,175,'广东南方职业学院'),(1521,175,'江门职业技术学院'),(1522,176,'潮汕职业技术学院'),(1523,176,'揭阳职业技术学院'),(1524,177,'广东石油化工学院'),(1525,177,'茂名职业技术学院'),(1526,178,'嘉应学院'),(1527,179,'清远职业技术学院'),(1528,180,'汕头大学'),(1529,180,'汕头职业技术学院'),(1530,181,'汕尾职业技术学院'),(1531,182,'韶关学院'),(1532,182,'广东松山职业技术学院'),(1533,183,'深圳大学'),(1534,183,'南方科技大学'),(1535,183,'深圳职业技术学院'),(1536,183,'广东新安职业技术学院'),(1537,183,'深圳信息职业技术学院'),(1538,184,'阳江职业技术学院'),(1539,185,'罗定职业技术学院'),(1540,186,'广东海洋大学'),(1541,186,'广东医学院'),(1542,186,'湛江师范学院'),(1543,186,'广东文理职业学院'),(1544,187,'肇庆学院'),(1545,187,'肇庆医学高等专科学校'),(1546,187,'广东信息工程职业学院'),(1547,187,'肇庆科技职业技术学院'),(1548,187,'肇庆工商职业技术学院'),(1549,188,'中山职业技术学院'),(1550,188,'中山火炬职业技术学院'),(1551,189,'珠海艺术职业学院'),(1552,189,'珠海城市职业技术学院'),(1553,190,'右江民族医学院'),(1554,190,'百色学院'),(1555,190,'百色职业学院'),(1556,190,'广西工程职业学院'),(1557,190,'广西培贤国际职业学院'),(1558,191,'北海职业学院'),(1559,191,'北海艺术设计职业学院'),(1560,192,'广西民族师范学院'),(1561,192,'广西理工职业技术学院'),(1562,192,'广西科技职业学院'),(1563,192,'广西城市职业学院'),(1564,193,'贵港职业学院'),(1565,194,'桂林电子科技大学'),(1566,194,'桂林理工大学'),(1567,194,'广西师范大学'),(1568,194,'桂林医学院'),(1569,194,'桂林航天工业学院'),(1570,194,'桂林旅游高等专科学校'),(1571,194,'桂林师范高等专科学校'),(1572,194,'桂林山水职业学院'),(1573,195,'河池学院'),(1574,195,'广西现代职业技术学院'),(1575,196,'贺州学院'),(1576,197,'广西科技大学'),(1577,197,'柳州师范高等专科学校'),(1578,197,'柳州职业技术学院'),(1579,197,'柳州铁道职业技术学院'),(1580,197,'柳州城市职业学院'),(1581,197,'广西生态工程职业技术学院'),(1582,198,'广西大学'),(1583,198,'广西医科大学'),(1584,198,'广西中医药大学'),(1585,198,'广西民族大学'),(1586,198,'广西师范学院'),(1587,198,'广西艺术学院'),(1588,198,'广西财经学院'),(1589,198,'南宁学院'),(1590,198,'广西外国语学院'),(1591,198,'广西体育高等专科学校'),(1592,198,'广西幼儿师范高等专科学校'),(1593,198,'广西警官高等专科学校'),(1594,198,'广西机电职业技术学院'),(1595,198,'南宁职业技术学院'),(1596,198,'广西职业技术学院'),(1597,198,'广西经济职业学院'),(1598,198,'广西卫生职业技术学院'),(1599,198,'广西水利电力职业技术学院'),(1600,198,'广西交通职业技术学院'),(1601,198,'广西工业职业技术学院'),(1602,198,'广西国际商务职业技术学院'),(1603,198,'广西农业职业技术学院'),(1604,198,'广西建设职业技术学院'),(1605,198,'广西经贸职业技术学院'),(1606,198,'广西工商职业技术学院'),(1607,198,'广西演艺职业学院'),(1608,198,'广西电力职业技术学院'),(1609,199,'钦州学院'),(1610,199,'广西英华国际职业学院'),(1611,200,'梧州学院'),(1612,200,'梧州职业学院'),(1613,201,'玉林师范学院'),(1614,203,'楚雄师范学院'),(1615,203,'楚雄医药高等专科学校'),(1616,203,'云南现代职业技术学院'),(1617,204,'大理学院'),(1618,204,'大理农林职业技术学院'),(1619,205,'德宏师范高等专科学校'),(1620,205,'德宏职业学院'),(1621,206,'云南锡业职业技术学院'),(1622,207,'西双版纳职业技术学院'),(1623,208,'云南大学'),(1624,208,'昆明理工大学'),(1625,208,'云南农业大学'),(1626,208,'西南林业大学'),(1627,208,'昆明医科大学'),(1628,208,'云南师范大学'),(1629,208,'云南财经大学'),(1630,208,'云南民族大学'),(1631,208,'云南中医学院'),(1632,208,'昆明学院'),(1633,208,'云南艺术学院'),(1634,208,'云南警官学院'),(1635,208,'云南工商学院'),(1636,208,'昆明冶金高等专科学校'),(1637,208,'云南城市建设职业学院'),(1638,208,'云南工程职业学院'),(1639,208,'云南经贸外事职业学院'),(1640,208,'云南商务职业学院'),(1641,208,'昆明卫生职业学院'),(1642,208,'云南旅游职业学院'),(1643,208,'云南外事外语职业学院'),(1644,208,'云南国土资源职业学院'),(1645,208,'云南交通职业技术学院'),(1646,208,'昆明工业职业技术学院'),(1647,208,'云南农业职业技术学院'),(1648,208,'云南司法警官职业学院'),(1649,208,'云南文化艺术职业学院'),(1650,208,'云南体育运动职业技术学院'),(1651,208,'云南经济管理职业学院'),(1652,208,'云南科技信息职业学院'),(1653,208,'昆明艺术职业学院'),(1654,208,'云南国防工业职业技术学院'),(1655,208,'云南机电职业技术学院'),(1656,208,'云南林业职业技术学院'),(1657,208,'云南新兴职业学院'),(1658,209,'丽江师范高等专科学校'),(1659,210,'临沧师范高等专科学校'),(1660,211,'红河学院'),(1661,211,'红河卫生职业学院'),(1662,212,'普洱学院'),(1663,212,'云南热带作物职业学院'),(1664,213,'曲靖师范学院'),(1665,213,'曲靖医学高等专科学校'),(1666,213,'云南能源职业技术学院'),(1667,214,'文山学院'),(1668,214,'云南三鑫职业技术学院'),(1669,215,'玉溪师范学院'),(1670,215,'玉溪农业职业技术学院'),(1671,216,'昭通学院'),(1672,217,'安顺学院'),(1673,217,'安顺职业技术学院'),(1674,218,'毕节学院'),(1675,218,'毕节职业技术学院'),(1676,219,'黔南民族师范学院'),(1677,219,'黔南民族医学高等专科学校'),(1678,219,'黔南民族职业技术学院'),(1679,220,'贵州大学'),(1680,220,'贵州师范大学'),(1681,220,'贵州财经大学'),(1682,220,'贵州民族大学'),(1683,220,'贵阳医学院'),(1684,220,'贵阳中医学院'),(1685,220,'贵阳学院'),(1686,220,'贵州师范学院'),(1687,220,'贵州理工学院'),(1688,220,'贵州商业高等专科学校'),(1689,220,'贵阳幼儿师范高等专科学校'),(1690,220,'贵州工业职业技术学院'),(1691,220,'贵阳职业技术学院'),(1692,220,'贵州职业技术学院'),(1693,220,'贵州工商职业学院'),(1694,220,'贵州警官职业学院'),(1695,220,'贵州交通职业技术学院'),(1696,220,'贵州亚泰职业学院'),(1697,220,'贵州电力职业技术学院'),(1698,220,'贵州轻工职业技术学院'),(1699,220,'贵阳护理职业学院'),(1700,221,'凯里学院'),(1701,221,'贵州电子信息职业技术学院'),(1702,221,'黔东南民族职业技术学院'),(1703,222,'六盘水师范学院'),(1704,222,'六盘水职业技术学院'),(1705,223,'贵州盛华职业学院'),(1706,224,'铜仁学院'),(1707,224,'铜仁幼儿师范高等专科学校'),(1708,224,'铜仁职业技术学院'),(1709,225,'兴义民族师范学院'),(1710,225,'黔西南民族职业技术学院'),(1711,226,'遵义医学院'),(1712,226,'遵义师范学院'),(1713,226,'遵义医药高等专科学校'),(1714,226,'贵州航天职业技术学院'),(1715,226,'遵义职业技术学院'),(1716,227,'巴中职业技术学院'),(1717,228,'四川大学'),(1718,228,'西南交通大学'),(1719,228,'电子科技大学'),(1720,228,'西南财经大学'),(1721,228,'西南民族大学'),(1722,228,'成都理工大学'),(1723,228,'西华大学'),(1724,228,'成都中医药大学'),(1725,228,'四川师范大学'),(1726,228,'成都信息工程学院'),(1727,228,'成都体育学院'),(1728,228,'四川音乐学院'),(1729,228,'成都学院'),(1730,228,'成都工业学院'),(1731,228,'四川旅游学院'),(1732,228,'成都东软学院'),(1733,228,'四川传媒学院'),(1734,228,'成都师范学院'),(1735,228,'成都医学院'),(1736,228,'成都纺织高等专科学校'),(1737,228,'民办四川天一学院'),(1738,228,'成都航空职业技术学院'),(1739,228,'四川艺术职业学院'),(1740,228,'四川科技职业学院'),(1741,228,'四川财经职业学院'),(1742,228,'四川城市职业学院'),(1743,228,'四川现代职业学院'),(1744,228,'四川长江职业学院'),(1745,228,'四川三河职业学院'),(1746,228,'四川电影电视职业学院'),(1747,228,'四川文轩职业学院'),(1748,228,'四川电力职业技术学院'),(1749,228,'成都职业技术学院'),(1750,228,'四川水利职业技术学院'),(1751,228,'四川航天职业技术学院'),(1752,228,'四川邮电职业技术学院'),(1753,228,'四川交通职业技术学院'),(1754,228,'四川工商职业技术学院'),(1755,228,'四川托普信息技术职业学院'),(1756,228,'四川国际标榜职业学院'),(1757,228,'成都农业科技职业学院'),(1758,228,'成都艺术职业学院'),(1759,228,'四川商务职业学院'),(1760,228,'四川文化传媒职业学院'),(1761,228,'四川华新现代职业学院'),(1762,228,'四川管理职业学院'),(1763,228,'四川文化产业职业学院'),(1764,229,'四川文理学院'),(1765,229,'达州职业技术学院'),(1766,230,'四川工业管理职业学院'),(1767,230,'四川工程职业技术学院'),(1768,230,'四川建筑职业技术学院'),(1769,230,'四川司法警官职业学院'),(1770,231,'四川民族学院'),(1771,232,'广安职业技术学院'),(1772,233,'中国民用航空飞行学院'),(1773,234,'川北幼儿师范高等专科学校'),(1774,234,'四川信息职业技术学院'),(1775,235,'乐山师范学院'),(1776,235,'乐山职业技术学院'),(1777,236,'泸州医学院'),(1778,236,'四川警察学院'),(1779,236,'四川化工职业技术学院'),(1780,236,'泸州职业技术学院'),(1781,237,'眉山职业技术学院'),(1782,238,'西南科技大学'),(1783,238,'绵阳师范学院'),(1784,238,'四川幼儿师范高等专科学校'),(1785,238,'四川中医药高等专科学校'),(1786,238,'四川汽车职业技术学院'),(1787,238,'四川电子机械职业技术学院'),(1788,238,'绵阳职业技术学院'),(1789,239,'西华师范大学'),(1790,239,'西南石油大学'),(1791,239,'川北医学院'),(1792,239,'南充职业技术学院'),(1793,240,'内江师范学院'),(1794,240,'内江职业技术学院'),(1795,241,'攀枝花学院'),(1796,241,'四川机电职业技术学院'),(1797,242,'四川职业技术学院'),(1798,243,'阿坝师范高等专科学校'),(1799,244,'西昌学院'),(1800,245,'四川农业大学'),(1801,245,'雅安职业技术学院'),(1802,246,'阿拉善职业技术学院'),(1803,246,'宜宾学院'),(1804,246,'宜宾职业技术学院'),(1805,247,'四川希望汽车职业学院'),(1806,248,'四川理工学院'),(1807,248,'四川卫生康复职业学院'),(1808,250,'河套学院'),(1809,250,'内蒙古美术职业学院'),(1810,251,'内蒙古科技大学'),(1811,251,'包头职业技术学院'),(1812,251,'包头铁道职业技术学院'),(1813,251,'包头轻工职业技术学院'),(1814,251,'包头钢铁职业技术学院'),(1815,252,'赤峰学院'),(1816,252,'赤峰职业技术学院'),(1817,252,'赤峰工业职业技术学院'),(1818,252,'内蒙古交通职业技术学院'),(1819,253,'内蒙古民族幼儿师范高等专科学校'),(1820,253,'鄂尔多斯职业学院'),(1821,254,'内蒙古大学'),(1822,254,'内蒙古工业大学'),(1823,254,'内蒙古农业大学'),(1824,254,'内蒙古医科大学'),(1825,254,'内蒙古师范大学'),(1826,254,'内蒙古财经大学'),(1827,254,'呼和浩特民族学院'),(1828,254,'内蒙古建筑职业技术学院'),(1829,254,'内蒙古丰州职业学院'),(1830,254,'内蒙古科技职业学院'),(1831,254,'内蒙古北方职业技术学院'),(1832,254,'内蒙古经贸外语职业学院'),(1833,254,'内蒙古工业职业学院'),(1834,254,'内蒙古能源职业学院'),(1835,254,'呼和浩特职业学院'),(1836,254,'内蒙古电子信息职业技术学院'),(1837,254,'内蒙古机电职业技术学院'),(1838,254,'内蒙古化工职业学院'),(1839,254,'内蒙古商贸职业学院'),(1840,254,'内蒙古警察职业学院'),(1841,254,'内蒙古体育职业学院'),(1842,255,'呼伦贝尔学院'),(1843,255,'呼伦贝尔职业技术学院'),(1844,255,'满洲里俄语职业学院'),(1845,256,'内蒙古民族大学'),(1846,256,'通辽职业学院'),(1847,256,'科尔沁艺术职业学院'),(1848,257,'乌海职业技术学院'),(1849,258,'集宁师范学院'),(1850,258,'乌兰察布医学高等专科学校'),(1851,258,'乌兰察布职业学院'),(1852,259,'锡林郭勒职业学院'),(1853,260,'兴安职业技术学院'),(1854,261,'宁夏师范学院'),(1855,263,'宁夏民族职业技术学院'),(1856,264,'北方民族大学'),(1857,264,'宁夏大学'),(1858,264,'宁夏医科大学'),(1859,264,'银川能源学院'),(1860,264,'宁夏防沙治沙职业技术学院'),(1861,264,'宁夏工业职业学院'),(1862,264,'宁夏职业技术学院'),(1863,264,'宁夏工商职业技术学院'),(1864,264,'宁夏财经职业技术学院'),(1865,264,'宁夏司法警官职业学院'),(1866,264,'宁夏建设职业技术学院'),(1867,265,'白银矿冶职业技术学院'),(1868,266,'定西师范高等专科学校'),(1869,267,'甘肃民族师范学院'),(1870,268,'甘肃钢铁职业技术学院'),(1871,269,'甘肃有色冶金职业技术学院'),(1872,270,'酒泉职业技术学院'),(1873,271,'兰州大学'),(1874,271,'西北民族大学'),(1875,271,'兰州理工大学'),(1876,271,'兰州交通大学'),(1877,271,'甘肃农业大学'),(1878,271,'西北师范大学'),(1879,271,'甘肃中医学院'),(1880,271,'兰州城市学院'),(1881,271,'兰州商学院'),(1882,271,'甘肃政法学院'),(1883,271,'兰州文理学院'),(1884,271,'兰州工业学院'),(1885,271,'兰州石化职业技术学院'),(1886,271,'甘肃建筑职业技术学院'),(1887,271,'兰州外语职业学院'),(1888,271,'兰州职业技术学院'),(1889,271,'甘肃警察职业学院'),(1890,271,'甘肃交通职业技术学院'),(1891,271,'兰州资源环境职业技术学院'),(1892,271,'甘肃农业职业技术学院'),(1893,272,'陇南师范高等专科学校'),(1894,273,'平凉医学高等专科学校'),(1895,274,'陇东学院'),(1896,275,'天水师范学院'),(1897,275,'甘肃机电职业技术学院'),(1898,275,'甘肃林业职业技术学院'),(1899,275,'甘肃工业职业技术学院'),(1900,276,'武威职业学院'),(1901,276,'甘肃畜牧工程职业技术学院'),(1902,277,'河西学院'),(1903,277,'张掖医学高等专科学校'),(1904,278,'青海大学'),(1905,278,'青海师范大学'),(1906,278,'青海民族大学'),(1907,278,'青海卫生职业技术学院'),(1908,278,'青海警官职业学院'),(1909,278,'青海畜牧兽医职业技术学院'),(1910,278,'青海交通职业技术学院'),(1911,278,'青海建筑职业技术学院'),(1912,279,'西藏大学'),(1913,279,'西藏藏医学院'),(1914,279,'西藏警官高等专科学校'),(1915,279,'拉萨师范高等专科学校'),(1916,279,'西藏职业技术学院'),(1917,280,'西藏民族学院'),(1918,281,'阿克苏职业技术学院'),(1919,282,'塔里木大学'),(1920,283,'昌吉学院'),(1921,283,'新疆农业职业技术学院'),(1922,283,'昌吉职业技术学院'),(1923,284,'和田师范专科学校'),(1924,284,'新疆维吾尔医学专科学校'),(1925,285,'喀什师范学院'),(1926,286,'克拉玛依职业技术学院'),(1927,287,'巴音郭楞职业技术学院'),(1928,288,'新疆应用职业技术学院'),(1929,289,'石河子大学'),(1930,289,'新疆石河子职业技术学院'),(1931,290,'新疆大学'),(1932,290,'新疆农业大学'),(1933,290,'新疆医科大学'),(1934,290,'新疆师范大学'),(1935,290,'新疆财经大学'),(1936,290,'新疆艺术学院'),(1937,290,'新疆工程学院'),(1938,290,'新疆警察学院'),(1939,290,'新疆师范高等专科学校'),(1940,290,'新疆兵团警官高等专科学校'),(1941,290,'乌鲁木齐职业大学'),(1942,290,'新疆职业大学'),(1943,290,'新疆体育职业技术学院'),(1944,290,'新疆铁道职业技术学院'),(1945,290,'新疆机电职业技术学院'),(1946,290,'新疆轻工职业技术学院'),(1947,290,'新疆能源职业技术学院'),(1948,290,'新疆建设职业技术学院'),(1949,290,'新疆现代职业技术学院'),(1950,290,'新疆天山职业技术学院'),(1951,290,'新疆交通职业技术学院'),(1952,291,'伊犁师范学院'),(1953,292,'伊犁职业技术学院'),(1954,293,'安庆师范学院'),(1955,293,'安庆医药高等专科学校'),(1956,293,'桐城师范高等专科学校'),(1957,293,'安徽黄梅戏艺术职业学院'),(1958,293,'安庆职业技术学院'),(1959,294,'安徽财经大学'),(1960,294,'蚌埠医学院'),(1961,294,'蚌埠学院'),(1962,294,'蚌埠经济技术职业学院'),(1963,294,'安徽电子信息职业技术学院'),(1964,295,'亳州师范高等专科学校'),(1965,295,'亳州职业技术学院'),(1966,296,'池州学院'),(1967,296,'安徽人口职业学院'),(1968,296,'池州职业技术学院'),(1969,297,'滁州学院'),(1970,297,'安徽科技学院'),(1971,297,'滁州城市职业学院'),(1972,297,'滁州职业技术学院'),(1973,298,'阜阳师范学院'),(1974,298,'民办安徽旅游职业学院'),(1975,298,'阜阳职业技术学院'),(1976,298,'阜阳科技职业学院'),(1977,299,'合肥工业大学'),(1978,299,'中国科学技术大学'),(1979,299,'安徽大学'),(1980,299,'安徽农业大学'),(1981,299,'安徽医科大学'),(1982,299,'安徽中医药大学'),(1983,299,'安徽建筑大学'),(1984,299,'巢湖学院'),(1985,299,'安徽三联学院'),(1986,299,'合肥学院'),(1987,299,'安徽文达信息工程学院'),(1988,299,'安徽外国语学院'),(1989,299,'合肥师范学院'),(1990,299,'安徽新华学院'),(1991,299,'合肥幼儿师范高等专科学校'),(1992,299,'安徽医学高等专科学校'),(1993,299,'安徽职业技术学院'),(1994,299,'合肥职业技术学院'),(1995,299,'民办合肥滨湖职业技术学院'),(1996,299,'民办合肥财经职业学院'),(1997,299,'安徽涉外经济职业学院'),(1998,299,'安徽绿海商务职业学院'),(1999,299,'合肥共达职业技术学院'),(2000,299,'徽商职业学院'),(2001,299,'合肥信息技术职业学院'),(2002,299,'安徽汽车职业技术学院'),(2003,299,'安徽长江职业学院'),(2004,299,'安徽粮食工程职业学院'),(2005,299,'合肥科技职业学院'),(2006,299,'安徽水利水电职业技术学院'),(2007,299,'民办万博科技职业学院'),(2008,299,'安徽警官职业学院'),(2009,299,'安徽工业经济职业技术学院'),(2010,299,'合肥通用职业技术学院'),(2011,299,'民办合肥经济技术职业学院'),(2012,299,'安徽交通职业技术学院'),(2013,299,'安徽体育运动职业技术学院'),(2014,299,'安徽广播影视职业技术学院'),(2015,299,'安徽电气工程职业技术学院'),(2016,299,'安徽城市管理职业学院'),(2017,299,'安徽工商职业学院'),(2018,299,'安徽中澳科技职业学院'),(2019,299,'安徽艺术职业学院'),(2020,299,'安徽财贸职业学院'),(2021,299,'安徽国际商务职业学院'),(2022,299,'安徽公安职业学院'),(2023,299,'安徽林业职业技术学院'),(2024,299,'安徽审计职业学院'),(2025,299,'安徽新闻出版职业技术学院'),(2026,299,'安徽邮电职业技术学院'),(2027,300,'淮北师范大学'),(2028,300,'淮北职业技术学院'),(2029,300,'安徽矿业职业技术学院'),(2030,301,'安徽理工大学'),(2031,301,'淮南师范学院'),(2032,301,'淮南联合大学'),(2033,301,'淮南职业技术学院'),(2034,301,'安徽工贸职业技术学院'),(2035,302,'黄山学院'),(2036,302,'黄山职业技术学院'),(2037,303,'皖西学院'),(2038,303,'安徽现代信息工程职业学院'),(2039,303,'皖西卫生职业学院'),(2040,303,'六安职业技术学院'),(2041,303,'安徽国防科技职业学院'),(2042,304,'安徽工业大学'),(2043,304,'马鞍山师范高等专科学校'),(2044,304,'马鞍山职业技术学院'),(2045,304,'安徽冶金科技职业学院'),(2046,305,'铜陵学院'),(2047,305,'铜陵职业技术学院'),(2048,305,'安徽工业职业技术学院'),(2049,306,'安徽工程大学'),(2050,306,'安徽师范大学'),(2051,306,'皖南医学院'),(2052,306,'安徽中医药高等专科学校'),(2053,306,'芜湖职业技术学院'),(2054,306,'安徽扬子职业技术学院'),(2055,306,'安徽商贸职业技术学院'),(2056,306,'安徽机电职业技术学院'),(2057,307,'宿州学院'),(2058,307,'宿州职业技术学院'),(2059,308,'宣城职业技术学院'),(2060,309,'浙江大学'),(2061,309,'杭州电子科技大学'),(2062,309,'浙江工业大学'),(2063,309,'浙江理工大学'),(2064,309,'浙江农林大学'),(2065,309,'浙江中医药大学'),(2066,309,'杭州师范大学'),(2067,309,'浙江工商大学'),(2068,309,'浙江财经大学'),(2069,309,'中国美术学院'),(2070,309,'中国计量学院'),(2071,309,'浙江科技学院'),(2072,309,'浙江水利水电学院'),(2073,309,'浙江警察学院'),(2074,309,'浙江传媒学院'),(2075,309,'浙江树人学院'),(2076,309,'浙江外国语学院'),(2077,309,'浙江医学高等专科学校'),(2078,309,'浙江交通职业技术学院'),(2079,309,'浙江电力职业技术学院'),(2080,309,'浙江同济科技职业学院'),(2081,309,'杭州科技职业技术学院'),(2082,309,'浙江体育职业技术学院'),(2083,309,'浙江机电职业技术学院'),(2084,309,'浙江建设职业技术学院'),(2085,309,'浙江艺术职业学院'),(2086,309,'浙江经贸职业技术学院'),(2087,309,'浙江商业职业技术学院'),(2088,309,'浙江经济职业技术学院'),(2089,309,'浙江旅游职业学院'),(2090,309,'浙江育英职业技术学院'),(2091,309,'浙江警官职业学院'),(2092,309,'浙江金融职业学院'),(2093,309,'杭州职业技术学院'),(2094,309,'浙江长征职业技术学院'),(2095,309,'杭州万向职业技术学院'),(2096,310,'湖州师范学院'),(2097,310,'湖州职业技术学院'),(2098,311,'嘉兴学院'),(2099,311,'嘉兴职业技术学院'),(2100,311,'嘉兴南洋职业技术学院'),(2101,312,'浙江师范大学'),(2102,312,'金华职业技术学院'),(2103,312,'浙江横店影视职业学院'),(2104,312,'义乌工商职业技术学院'),(2105,312,'浙江广厦建设职业技术学院'),(2106,313,'丽水学院'),(2107,313,'丽水职业技术学院'),(2108,314,'宁波大学'),(2109,314,'宁波诺丁汉大学'),(2110,314,'公安海警学院'),(2111,314,'浙江万里学院'),(2112,314,'宁波工程学院'),(2113,314,'宁波大红鹰学院'),(2114,314,'浙江医药高等专科学校'),(2115,314,'宁波职业技术学院'),(2116,314,'宁波卫生职业技术学院'),(2117,314,'宁波城市职业技术学院'),(2118,314,'浙江工商职业技术学院'),(2119,314,'浙江纺织服装职业技术学院'),(2120,315,'衢州学院'),(2121,315,'衢州职业技术学院'),(2122,316,'绍兴文理学院'),(2123,316,'浙江越秀外国语学院'),(2124,316,'绍兴职业技术学院'),(2125,316,'浙江邮电职业技术学院'),(2126,316,'浙江农业商贸职业学院'),(2127,316,'浙江工业职业技术学院'),(2128,317,'台州学院'),(2129,317,'台州科技职业学院'),(2130,317,'浙江汽车职业技术学院'),(2131,317,'台州职业技术学院'),(2132,318,'温州医科大学'),(2133,318,'温州大学'),(2134,318,'温州职业技术学院'),(2135,318,'温州科技职业学院'),(2136,318,'浙江工贸职业技术学院'),(2137,318,'浙江东方职业技术学院'),(2138,319,'浙江海洋学院'),(2139,319,'浙江国际海运职业技术学院'),(2140,320,'福州大学'),(2141,320,'福建农林大学'),(2142,320,'福建医科大学'),(2143,320,'福建中医药大学'),(2144,320,'福建师范大学'),(2145,320,'福建工程学院'),(2146,320,'闽江学院'),(2147,320,'福建警察学院'),(2148,320,'福州外语外贸学院'),(2149,320,'福建江夏学院'),(2150,320,'福建商业高等专科学校'),(2151,320,'福建幼儿师范高等专科学校'),(2152,320,'闽江师范高等专科学校'),(2153,320,'福建船政交通职业学院'),(2154,320,'福建华南女子职业学院'),(2155,320,'福建卫生职业技术学院'),(2156,320,'福建生物工程职业技术学院'),(2157,320,'福建艺术职业学院'),(2158,320,'福建体育职业技术学院'),(2159,320,'福州职业技术学院'),(2160,320,'福建信息职业技术学院'),(2161,320,'福建农业职业技术学院'),(2162,320,'福州英华职业学院'),(2163,320,'福建警官职业学院'),(2164,320,'福州黎明职业技术学院'),(2165,320,'福州科技职业技术学院'),(2166,320,'福建对外经济贸易职业技术学院'),(2167,320,'福州海峡职业技术学院'),(2168,320,'福州软件职业技术学院'),(2169,321,'龙岩学院'),(2170,321,'闽西职业技术学院'),(2171,322,'武夷学院'),(2172,322,'武夷山职业学院'),(2173,322,'福建林业职业技术学院'),(2174,322,'闽北职业技术学院'),(2175,323,'宁德师范学院'),(2176,323,'宁德职业技术学院'),(2177,324,'莆田学院'),(2178,324,'湄洲湾职业技术学院'),(2179,325,'华侨大学'),(2180,325,'仰恩大学'),(2181,325,'泉州师范学院'),(2182,325,'闽南理工学院'),(2183,325,'泉州幼儿师范高等专科学校'),(2184,325,'泉州医学高等专科学校'),(2185,325,'黎明职业大学'),(2186,325,'德化陶瓷职业技术学院'),(2187,325,'泉州泰山航海职业学院'),(2188,325,'泉州轻工职业学院'),(2189,325,'福建电力职业技术学院'),(2190,325,'泉州纺织服装职业学院'),(2191,325,'泉州华光摄影艺术职业学院'),(2192,325,'泉州理工职业学院'),(2193,325,'泉州信息职业技术学院'),(2194,325,'泉州经贸职业技术学院'),(2195,326,'三明学院'),(2196,326,'福建水利电力职业技术学院'),(2197,326,'三明职业技术学院'),(2198,327,'厦门大学'),(2199,327,'集美大学'),(2200,327,'厦门理工学院'),(2201,327,'厦门医学高等专科学校'),(2202,327,'厦门城市职业学院'),(2203,327,'厦门软件职业技术学院'),(2204,327,'厦门南洋职业学院'),(2205,327,'厦门东海职业技术学院'),(2206,327,'厦门安防科技职业学院'),(2207,327,'厦门海洋职业技术学院'),(2208,327,'厦门华厦职业学院'),(2209,327,'厦门演艺职业学院'),(2210,327,'厦门华天涉外职业技术学院'),(2211,327,'厦门兴才职业技术学院'),(2212,328,'闽南师范大学'),(2213,328,'漳州职业技术学院'),(2214,328,'漳州城市职业学院'),(2215,328,'漳州科技职业学院'),(2216,328,'漳州理工职业学院'),(2217,328,'漳州卫生职业学院');

/*Table structure for table `beasp_share` */

DROP TABLE IF EXISTS `beasp_share`;

CREATE TABLE `beasp_share` (
  `id` int(11) NOT NULL AUTO_INCREMENT,
  `apply_time` datetime DEFAULT NULL,
  `confirm_time` datetime DEFAULT NULL,
  `result` int(11) NOT NULL,
  `target_id` int(11) DEFAULT NULL,
  `user_id` int(11) DEFAULT NULL,
  `state` varchar(20) NOT NULL,
  PRIMARY KEY (`id`),
  KEY `FK_f3q4teq981r7lv27wsl6lwb3f` (`target_id`),
  KEY `FK_b53bqvsdn6dk220u2vqm2coea` (`user_id`),
  CONSTRAINT `FK_b53bqvsdn6dk220u2vqm2coea` FOREIGN KEY (`user_id`) REFERENCES `beasp_user` (`id`),
  CONSTRAINT `FK_f3q4teq981r7lv27wsl6lwb3f` FOREIGN KEY (`target_id`) REFERENCES `beasp_book` (`id`)
) ENGINE=InnoDB AUTO_INCREMENT=19 DEFAULT CHARSET=utf8;

/*Data for the table `beasp_share` */

insert  into `beasp_share`(`id`,`apply_time`,`confirm_time`,`result`,`target_id`,`user_id`,`state`) values (5,'2016-02-26 11:45:43','2016-02-26 11:45:43',0,29,2,'SHAREING'),(6,'2016-02-26 15:41:08','2016-02-26 15:41:08',0,31,2,'SHAREING'),(7,'2016-02-26 15:44:52','2016-02-26 18:09:31',1,120,2,'SHARED'),(8,'2016-02-26 15:47:09','2016-02-26 18:11:41',2,14,2,'SHAREFAIL'),(9,'2016-02-26 15:47:15','2016-02-26 21:55:56',1,13,2,'SHARED'),(10,'2016-02-26 17:03:40','2016-02-26 17:03:40',0,117,1,'SHAREING'),(11,'2016-02-26 21:13:39','2016-02-26 21:13:39',0,118,2,'SHAREING'),(12,'2016-02-26 21:13:59','2016-02-26 21:52:14',1,114,2,'SHARED'),(13,'2016-02-26 21:14:20','2016-02-26 21:14:20',0,113,2,'SHAREING'),(14,'2016-02-26 21:14:31','2016-02-26 21:54:33',1,106,2,'SHARED'),(15,'2016-02-26 21:17:41','2016-02-26 21:17:41',0,109,2,'SHAREING'),(16,'2016-02-26 21:18:09','2016-02-26 21:18:09',0,53,2,'SHAREING'),(17,'2016-02-26 21:18:15','2016-02-26 21:18:15',0,52,2,'SHAREING'),(18,'2016-02-26 21:18:53','2016-02-26 21:18:53',0,35,2,'SHAREING');

/*Table structure for table `beasp_user` */

DROP TABLE IF EXISTS `beasp_user`;

CREATE TABLE `beasp_user` (
  `id` int(11) NOT NULL AUTO_INCREMENT,
  `create_time` date DEFAULT NULL,
  `email` varchar(40) NOT NULL,
  `gender` varchar(20) NOT NULL,
  `nick_name` varchar(20) NOT NULL,
  `password` varchar(32) NOT NULL,
  `phone` varchar(11) NOT NULL,
  `school` varchar(20) NOT NULL,
  `status` int(11) NOT NULL,
  `summary` varchar(100) DEFAULT NULL,
  `user_name` varchar(20) NOT NULL,
  `photo_name` varchar(40) DEFAULT NULL,
  `city` varchar(20) NOT NULL,
  `province` varchar(20) NOT NULL,
  `verify_email` int(11) NOT NULL,
  PRIMARY KEY (`id`)
) ENGINE=InnoDB AUTO_INCREMENT=10 DEFAULT CHARSET=utf8;

/*Data for the table `beasp_user` */

insert  into `beasp_user`(`id`,`create_time`,`email`,`gender`,`nick_name`,`password`,`phone`,`school`,`status`,`summary`,`user_name`,`photo_name`,`city`,`province`,`verify_email`) values (1,'2015-12-25','gusfzk@126.com','SECRET','蔡健雅','e10adc3949ba59abbe56e057f20f883e','18203642007','河南财经政法大学',0,'人都是有梦想的，这只在于你是否找到了实现它的捷径。','Tanya',NULL,'上海市','上海',0),(2,'2016-01-10','saifeizhoukou@163.com','WOMEN','黄丽玲','e10adc3949ba59abbe56e057f20f883e','18203642008','复旦大学',0,'人都是有梦想的，这只在于你是否找到了实现它的捷径！','A-Lin','9ef8dc35-6835-4435-9847-b89b7108ac4e.jpg','上海市','上海',1),(3,'2016-01-26','lsy@126.com','MAN','李世阳','e10adc3949ba59abbe56e057f20f883e','18203642009','河南财经政法大学',0,'这位童鞋很酷，什么也不想说!','Lsy',NULL,'郑州市','河南',0),(4,'2016-02-04','gsf@163.com','MAN','谷赛飞','e10adc3949ba59abbe56e057f20f883e','18203642010','河南财经政法大学',0,NULL,'gsf',NULL,'郑州市','河南',0),(5,'2016-02-04','hzf@126.com','SECRET','胡志甫','e10adc3949ba59abbe56e057f20f883e','18203642011','河南财经政法大学',0,NULL,'hzf',NULL,'郑州市','河南',0),(6,'2016-02-04','hdh@126.com','MAN','洪东辉','e10adc3949ba59abbe56e057f20f883e','18203642012','河南财经政法大学',0,NULL,'hdh',NULL,'郑州市','河南',0),(7,'2016-02-04','jwy@126.com','MAN','江威严','e10adc3949ba59abbe56e057f20f883e','18203642013','河南财经政法大学',0,NULL,'jwy',NULL,'郑州市','河南',0),(8,'2016-02-04','lgy@126.com','SECRET','李根阳','e10adc3949ba59abbe56e057f20f883e','18203642014','河南财经政法大学',0,NULL,'lgy',NULL,'郑州市','河南',0),(9,'2016-02-04','lgc@126.com','MAN','刘广超','e10adc3949ba59abbe56e057f20f883e','18203642015','河南财经政法大学',0,NULL,'lgc',NULL,'郑州市','河南',0);

/*Table structure for table `beasp_visitor` */

DROP TABLE IF EXISTS `beasp_visitor`;

CREATE TABLE `beasp_visitor` (
  `id` int(11) NOT NULL AUTO_INCREMENT,
  `visit_time` datetime DEFAULT NULL,
  `user_id` int(11) DEFAULT NULL,
  `visitor_id` int(11) DEFAULT NULL,
  PRIMARY KEY (`id`),
  KEY `FK_8hkj5eg7sn9k1ir1wph0c6fvd` (`user_id`),
  KEY `FK_qhldhpa61nhyi35bp0vsgpmt3` (`visitor_id`),
  CONSTRAINT `FK_8hkj5eg7sn9k1ir1wph0c6fvd` FOREIGN KEY (`user_id`) REFERENCES `beasp_user` (`id`),
  CONSTRAINT `FK_qhldhpa61nhyi35bp0vsgpmt3` FOREIGN KEY (`visitor_id`) REFERENCES `beasp_user` (`id`)
) ENGINE=InnoDB AUTO_INCREMENT=3 DEFAULT CHARSET=utf8;

/*Data for the table `beasp_visitor` */

insert  into `beasp_visitor`(`id`,`visit_time`,`user_id`,`visitor_id`) values (1,'2016-01-17 11:03:22',2,1),(2,'2016-02-25 21:01:23',1,2);

/*Table structure for table `beasp_want` */

DROP TABLE IF EXISTS `beasp_want`;

CREATE TABLE `beasp_want` (
  `id` int(11) NOT NULL AUTO_INCREMENT,
  `author` varchar(40) NOT NULL,
  `name` varchar(40) NOT NULL,
  `version` varchar(20) NOT NULL,
  `book_id` int(11) DEFAULT NULL,
  PRIMARY KEY (`id`),
  KEY `FK_thigsjg5tskl5p5qmxux31p6l` (`book_id`),
  CONSTRAINT `FK_thigsjg5tskl5p5qmxux31p6l` FOREIGN KEY (`book_id`) REFERENCES `beasp_book` (`id`)
) ENGINE=InnoDB AUTO_INCREMENT=9 DEFAULT CHARSET=utf8;

/*Data for the table `beasp_want` */

insert  into `beasp_want`(`id`,`author`,`name`,`version`,`book_id`) values (1,'《天下足球》','那些年，我们一起追的球星','1',121),(2,'两色风景','一切安排都恰到好处','1',121),(3,'吕立新','花能解语--带你读懂齐白石','1',121),(4,'吴晓波','把生命浪费在美好的事物上','1',121),(5,'两色风景','一切安排都恰到好处','1',122),(6,'方清平','施主,请留步','1',122),(7,'[美]埃克尔',' Java编程思想（第4版） ','1',122),(8,'张红军','一本书读懂法律常识','1',122);

/*!40101 SET SQL_MODE=@OLD_SQL_MODE */;
/*!40014 SET FOREIGN_KEY_CHECKS=@OLD_FOREIGN_KEY_CHECKS */;
/*!40014 SET UNIQUE_CHECKS=@OLD_UNIQUE_CHECKS */;
/*!40111 SET SQL_NOTES=@OLD_SQL_NOTES */;
